Workbook

Sheet RawResultsLong
A1: raw_lookup_key | B1: scenario | C1: source_file | D1: variable_name | E1: region | F1: technology | G1: fuel | H1: emission | I1: timeslice | J1: mode | K1: storage | L1: season | M1: daytype | N1: bracket | O1: year | P1: value_pj_per_year
A2: =B2&"|"&D2&"|"&E2&"|"&F2&"|"&O2 -> PD|AccumulatedNewCapacity|RE1|PWRBGS|2022 | B2: PD | C2: simulation_328_results_filtered_PD.xlsx | D2: AccumulatedNewCapacity | E2: RE1 | F2: PWRBGS | O2: 2022
A3: =B3&"|"&D3&"|"&E3&"|"&F3&"|"&O3 -> PD|AccumulatedNewCapacity|RE1|PWRCOA|2022 | B3: PD | C3: simulation_328_results_filtered_PD.xlsx | D3: AccumulatedNewCapacity | E3: RE1 | F3: PWRCOA | O3: 2022
A4: =B4&"|"&D4&"|"&E4&"|"&F4&"|"&O4 -> PD|AccumulatedNewCapacity|RE1|PWRDSL|2022 | B4: PD | C4: simulation_328_results_filtered_PD.xlsx | D4: AccumulatedNewCapacity | E4: RE1 | F4: PWRDSL | O4: 2022
A5: =B5&"|"&D5&"|"&E5&"|"&F5&"|"&O5 -> PD|AccumulatedNewCapacity|RE1|PWRFOL|2022 | B5: PD | C5: simulation_328_results_filtered_PD.xlsx | D5: AccumulatedNewCapacity | E5: RE1 | F5: PWRFOL | O5: 2022
A6: =B6&"|"&D6&"|"&E6&"|"&F6&"|"&O6 -> PD|AccumulatedNewCapacity|RE1|PWRHYDDAM|2022 | B6: PD | C6: simulation_328_results_filtered_PD.xlsx | D6: AccumulatedNewCapacity | E6: RE1 | F6: PWRHYDDAM | O6: 2022
A7: =B7&"|"&D7&"|"&E7&"|"&F7&"|"&O7 -> PD|AccumulatedNewCapacity|RE1|PWRHYDROR|2022 | B7: PD | C7: simulation_328_results_filtered_PD.xlsx | D7: AccumulatedNewCapacity | E7: RE1 | F7: PWRHYDROR | O7: 2022
A8: =B8&"|"&D8&"|"&E8&"|"&F8&"|"&O8 -> PD|AccumulatedNewCapacity|RE1|PWRHYDROR_NDC|2022 | B8: PD | C8: simulation_328_results_filtered_PD.xlsx | D8: AccumulatedNewCapacity | E8: RE1 | F8: PWRHYDROR_NDC | O8: 2022
A9: =B9&"|"&D9&"|"&E9&"|"&F9&"|"&O9 -> PD|AccumulatedNewCapacity|RE1|PWRJET|2022 | B9: PD | C9: simulation_328_results_filtered_PD.xlsx | D9: AccumulatedNewCapacity | E9: RE1 | F9: PWRJET | O9: 2022
A10: =B10&"|"&D10&"|"&E10&"|"&F10&"|"&O10 -> PD|AccumulatedNewCapacity|RE1|PWRLPG|2022 | B10: PD | C10: simulation_328_results_filtered_PD.xlsx | D10: AccumulatedNewCapacity | E10: RE1 | F10: PWRLPG | O10: 2022
A11: =B11&"|"&D11&"|"&E11&"|"&F11&"|"&O11 -> PD|AccumulatedNewCapacity|RE1|PWRNGS_CC|2022 | B11: PD | C11: simulation_328_results_filtered_PD.xlsx | D11: AccumulatedNewCapacity | E11: RE1 | F11: PWRNGS_CC | O11: 2022
A12: =B12&"|"&D12&"|"&E12&"|"&F12&"|"&O12 -> PD|AccumulatedNewCapacity|RE1|PWRNGS_CS|2022 | B12: PD | C12: simulation_328_results_filtered_PD.xlsx | D12: AccumulatedNewCapacity | E12: RE1 | F12: PWRNGS_CS | O12: 2022
A13: =B13&"|"&D13&"|"&E13&"|"&F13&"|"&O13 -> PD|AccumulatedNewCapacity|RE1|PWRSOLRTP|2022 | B13: PD | C13: simulation_328_results_filtered_PD.xlsx | D13: AccumulatedNewCapacity | E13: RE1 | F13: PWRSOLRTP | O13: 2022
... A35: =B35&"|"&D35&"|"&E35&"|"&F35&"|"&O35 -> PD|NewCapacity|RE1|PWRWNDONS|2022 | B35: PD | C35: simulation_328_results_filtered_PD.xlsx | D35: NewCapacity | E35: RE1 | F35: PWRWNDONS | O35: 2022
A36: =B36&"|"&D36&"|"&E36&"|"&F36&"|"&O36 -> PD|TotalCapacityAnnual|RE1|PWRBGS|2022 | B36: PD | C36: simulation_328_results_filtered_PD.xlsx | D36: TotalCapacityAnnual | E36: RE1 | F36: PWRBGS | O36: 2022 | P36: 0.025488588
A37: =B37&"|"&D37&"|"&E37&"|"&F37&"|"&O37 -> PD|TotalCapacityAnnual|RE1|PWRCOA|2022 | B37: PD | C37: simulation_328_results_filtered_PD.xlsx | D37: TotalCapacityAnnual | E37: RE1 | F37: PWRCOA | O37: 2022 | P37: 51.466752
A38: =B38&"|"&D38&"|"&E38&"|"&F38&"|"&O38 -> PD|TotalCapacityAnnual|RE1|PWRDSL|2022 | B38: PD | C38: simulation_328_results_filtered_PD.xlsx | D38: TotalCapacityAnnual | E38: RE1 | F38: PWRDSL | O38: 2022 | P38: 25.954128
A39: =B39&"|"&D39&"|"&E39&"|"&F39&"|"&O39 -> PD|TotalCapacityAnnual|RE1|PWRFOL|2022 | B39: PD | C39: simulation_328_results_filtered_PD.xlsx | D39: TotalCapacityAnnual | E39: RE1 | F39: PWRFOL | O39: 2022 | P39: 8.451648
A40: =B40&"|"&D40&"|"&E40&"|"&F40&"|"&O40 -> PD|TotalCapacityAnnual|RE1|PWRHYDDAM|2022 | B40: PD | C40: simulation_328_results_filtered_PD.xlsx | D40: TotalCapacityAnnual | E40: RE1 | F40: PWRHYDDAM | O40: 2022 | P40: 345.25613
A41: =B41&"|"&D41&"|"&E41&"|"&F41&"|"&O41 -> PD|TotalCapacityAnnual|RE1|PWRHYDROR|2022 | B41: PD | C41: simulation_328_results_filtered_PD.xlsx | D41: TotalCapacityAnnual | E41: RE1 | F41: PWRHYDROR | O41: 2022 | P41: 21.160656
A42: =B42&"|"&D42&"|"&E42&"|"&F42&"|"&O42 -> PD|TotalCapacityAnnual|RE1|PWRHYDROR_NDC|2022 | B42: PD | C42: simulation_328_results_filtered_PD.xlsx | D42: TotalCapacityAnnual | E42: RE1 | F42: PWRHYDROR_NDC | O42: 2022 | P42: 28.102581
A43: =B43&"|"&D43&"|"&E43&"|"&F43&"|"&O43 -> PD|TotalCapacityAnnual|RE1|PWRJET|2022 | B43: PD | C43: simulation_328_results_filtered_PD.xlsx | D43: TotalCapacityAnnual | E43: RE1 | F43: PWRJET | O43: 2022 | P43: 1.608336
A44: =B44&"|"&D44&"|"&E44&"|"&F44&"|"&O44 -> PD|TotalCapacityAnnual|RE1|PWRLPG|2022 | B44: PD | C44: simulation_328_results_filtered_PD.xlsx | D44: TotalCapacityAnnual | E44: RE1 | F44: PWRLPG | O44: 2022
A45: =B45&"|"&D45&"|"&E45&"|"&F45&"|"&O45 -> PD|TotalCapacityAnnual|RE1|PWRNGS_CC|2022 | B45: PD | C45: simulation_328_results_filtered_PD.xlsx | D45: TotalCapacityAnnual | E45: RE1 | F45: PWRNGS_CC | O45: 2022 | P45: 62.5044
A46: =B46&"|"&D46&"|"&E46&"|"&F46&"|"&O46 -> PD|TotalCapacityAnnual|RE1|PWRNGS_CS|2022 | B46: PD | C46: simulation_328_results_filtered_PD.xlsx | D46: TotalCapacityAnnual | E46: RE1 | F46: PWRNGS_CS | O46: 2022 | P46: 23.96736
A47: =B47&"|"&D47&"|"&E47&"|"&F47&"|"&O47 -> PD|TotalCapacityAnnual|RE1|PWRSOLRTP|2022 | B47: PD | C47: simulation_328_results_filtered_PD.xlsx | D47: TotalCapacityAnnual | E47: RE1 | F47: PWRSOLRTP | O47: 2022 | P47: 3.9230228
A48: =B48&"|"&D48&"|"&E48&"|"&F48&"|"&O48 -> PD|TotalCapacityAnnual|RE1|PWRSOLRTP_ZNI|2022 | B48: PD | C48: simulation_328_results_filtered_PD.xlsx | D48: TotalCapacityAnnual | E48: RE1 | F48: PWRSOLRTP_ZNI | O48: 2022 | P48: 0.46074096
A49: =B49&"|"&D49&"|"&E49&"|"&F49&"|"&O49 -> PD|TotalCapacityAnnual|RE1|PWRSOLUGE|2022 | B49: PD | C49: simulation_328_results_filtered_PD.xlsx | D49: TotalCapacityAnnual | E49: RE1 | F49: PWRSOLUGE | O49: 2022 | P49: 6.874848
A50: =B50&"|"&D50&"|"&E50&"|"&F50&"|"&O50 -> PD|TotalCapacityAnnual|RE1|PWRSOLUPE|2022 | B50: PD | C50: simulation_328_results_filtered_PD.xlsx | D50: TotalCapacityAnnual | E50: RE1 | F50: PWRSOLUPE | O50: 2022 | P50: 7.9224739
A51: =B51&"|"&D51&"|"&E51&"|"&F51&"|"&O51 -> PD|TotalCapacityAnnual|RE1|PWRSTD|2022 | B51: PD | C51: simulation_328_results_filtered_PD.xlsx | D51: TotalCapacityAnnual | E51: RE1 | F51: PWRSTD | O51: 2022 | P51: 8.1630621
A52: =B52&"|"&D52&"|"&E52&"|"&F52&"|"&O52 -> PD|TotalCapacityAnnual|RE1|PWRWNDONS|2022 | B52: PD | C52: simulation_328_results_filtered_PD.xlsx | D52: TotalCapacityAnnual | E52: RE1 | F52: PWRWNDONS | O52: 2022 | P52: 1.2116131
A53: =B53&"|"&D53&"|"&E53&"|"&F53&"|"&O53 -> PD|AccumulatedNewCapacity|RE1|PWRBGS|2023 | B53: PD | C53: simulation_328_results_filtered_PD.xlsx | D53: AccumulatedNewCapacity | E53: RE1 | F53: PWRBGS | O53: 2023
A54: =B54&"|"&D54&"|"&E54&"|"&F54&"|"&O54 -> PD|AccumulatedNewCapacity|RE1|PWRCOA|2023 | B54: PD | C54: simulation_328_results_filtered_PD.xlsx | D54: AccumulatedNewCapacity | E54: RE1 | F54: PWRCOA | O54: 2023
A55: =B55&"|"&D55&"|"&E55&"|"&F55&"|"&O55 -> PD|AccumulatedNewCapacity|RE1|PWRDSL|2023 | B55: PD | C55: simulation_328_results_filtered_PD.xlsx | D55: AccumulatedNewCapacity | E55: RE1 | F55: PWRDSL | O55: 2023
A56: =B56&"|"&D56&"|"&E56&"|"&F56&"|"&O56 -> PD|AccumulatedNewCapacity|RE1|PWRFOL|2023 | B56: PD | C56: simulation_328_results_filtered_PD.xlsx | D56: AccumulatedNewCapacity | E56: RE1 | F56: PWRFOL | O56: 2023
A57: =B57&"|"&D57&"|"&E57&"|"&F57&"|"&O57 -> PD|AccumulatedNewCapacity|RE1|PWRHYDDAM|2023 | B57: PD | C57: simulation_328_results_filtered_PD.xlsx | D57: AccumulatedNewCapacity | E57: RE1 | F57: PWRHYDDAM | O57: 2023
A58: =B58&"|"&D58&"|"&E58&"|"&F58&"|"&O58 -> PD|AccumulatedNewCapacity|RE1|PWRHYDROR|2023 | B58: PD | C58: simulation_328_results_filtered_PD.xlsx | D58: AccumulatedNewCapacity | E58: RE1 | F58: PWRHYDROR | O58: 2023
A59: =B59&"|"&D59&"|"&E59&"|"&F59&"|"&O59 -> PD|AccumulatedNewCapacity|RE1|PWRHYDROR_NDC|2023 | B59: PD | C59: simulation_328_results_filtered_PD.xlsx | D59: AccumulatedNewCapacity | E59: RE1 | F59: PWRHYDROR_NDC | O59: 2023
A60: =B60&"|"&D60&"|"&E60&"|"&F60&"|"&O60 -> PD|AccumulatedNewCapacity|RE1|PWRJET|2023 | B60: PD | C60: simulation_328_results_filtered_PD.xlsx | D60: AccumulatedNewCapacity | E60: RE1 | F60: PWRJET | O60: 2023
A61: =B61&"|"&D61&"|"&E61&"|"&F61&"|"&O61 -> PD|AccumulatedNewCapacity|RE1|PWRLPG|2023 | B61: PD | C61: simulation_328_results_filtered_PD.xlsx | D61: AccumulatedNewCapacity | E61: RE1 | F61: PWRLPG | O61: 2023
A62: =B62&"|"&D62&"|"&E62&"|"&F62&"|"&O62 -> PD|AccumulatedNewCapacity|RE1|PWRNGS_CC|2023 | B62: PD | C62: simulation_328_results_filtered_PD.xlsx | D62: AccumulatedNewCapacity | E62: RE1 | F62: PWRNGS_CC | O62: 2023
A63: =B63&"|"&D63&"|"&E63&"|"&F63&"|"&O63 -> PD|AccumulatedNewCapacity|RE1|PWRNGS_CS|2023 | B63: PD | C63: simulation_328_results_filtered_PD.xlsx | D63: AccumulatedNewCapacity | E63: RE1 | F63: PWRNGS_CS | O63: 2023
A64: =B64&"|"&D64&"|"&E64&"|"&F64&"|"&O64 -> PD|AccumulatedNewCapacity|RE1|PWRSOLRTP|2023 | B64: PD | C64: simulation_328_results_filtered_PD.xlsx | D64: AccumulatedNewCapacity | E64: RE1 | F64: PWRSOLRTP | O64: 2023
... A86: =B86&"|"&D86&"|"&E86&"|"&F86&"|"&O86 -> PD|NewCapacity|RE1|PWRWNDONS|2023 | B86: PD | C86: simulation_328_results_filtered_PD.xlsx | D86: NewCapacity | E86: RE1 | F86: PWRWNDONS | O86: 2023
A87: =B87&"|"&D87&"|"&E87&"|"&F87&"|"&O87 -> PD|TotalCapacityAnnual|RE1|PWRBGS|2023 | B87: PD | C87: simulation_328_results_filtered_PD.xlsx | D87: TotalCapacityAnnual | E87: RE1 | F87: PWRBGS | O87: 2023 | P87: 0.025488588
A88: =B88&"|"&D88&"|"&E88&"|"&F88&"|"&O88 -> PD|TotalCapacityAnnual|RE1|PWRCOA|2023 | B88: PD | C88: simulation_328_results_filtered_PD.xlsx | D88: TotalCapacityAnnual | E88: RE1 | F88: PWRCOA | O88: 2023 | P88: 51.529824
A89: =B89&"|"&D89&"|"&E89&"|"&F89&"|"&O89 -> PD|TotalCapacityAnnual|RE1|PWRDSL|2023 | B89: PD | C89: simulation_328_results_filtered_PD.xlsx | D89: TotalCapacityAnnual | E89: RE1 | F89: PWRDSL | O89: 2023 | P89: 28.477008
A90: =B90&"|"&D90&"|"&E90&"|"&F90&"|"&O90 -> PD|TotalCapacityAnnual|RE1|PWRFOL|2023 | B90: PD | C90: simulation_328_results_filtered_PD.xlsx | D90: TotalCapacityAnnual | E90: RE1 | F90: PWRFOL | O90: 2023 | P90: 8.388576
A91: =B91&"|"&D91&"|"&E91&"|"&F91&"|"&O91 -> PD|TotalCapacityAnnual|RE1|PWRHYDDAM|2023 | B91: PD | C91: simulation_328_results_filtered_PD.xlsx | D91: TotalCapacityAnnual | E91: RE1 | F91: PWRHYDDAM | O91: 2023 | P91: 364.80845
A92: =B92&"|"&D92&"|"&E92&"|"&F92&"|"&O92 -> PD|TotalCapacityAnnual|RE1|PWRHYDROR|2023 | B92: PD | C92: simulation_328_results_filtered_PD.xlsx | D92: TotalCapacityAnnual | E92: RE1 | F92: PWRHYDROR | O92: 2023 | P92: 21.097584
A93: =B93&"|"&D93&"|"&E93&"|"&F93&"|"&O93 -> PD|TotalCapacityAnnual|RE1|PWRHYDROR_NDC|2023 | B93: PD | C93: simulation_328_results_filtered_PD.xlsx | D93: TotalCapacityAnnual | E93: RE1 | F93: PWRHYDROR_NDC | O93: 2023 | P93: 29.333116
A94: =B94&"|"&D94&"|"&E94&"|"&F94&"|"&O94 -> PD|TotalCapacityAnnual|RE1|PWRJET|2023 | B94: PD | C94: simulation_328_results_filtered_PD.xlsx | D94: TotalCapacityAnnual | E94: RE1 | F94: PWRJET | O94: 2023 | P94: 1.5768
A95: =B95&"|"&D95&"|"&E95&"|"&F95&"|"&O95 -> PD|TotalCapacityAnnual|RE1|PWRLPG|2023 | B95: PD | C95: simulation_328_results_filtered_PD.xlsx | D95: TotalCapacityAnnual | E95: RE1 | F95: PWRLPG | O95: 2023
A96: =B96&"|"&D96&"|"&E96&"|"&F96&"|"&O96 -> PD|TotalCapacityAnnual|RE1|PWRNGS_CC|2023 | B96: PD | C96: simulation_328_results_filtered_PD.xlsx | D96: TotalCapacityAnnual | E96: RE1 | F96: PWRNGS_CC | O96: 2023 | P96: 70.1045
A97: =B97&"|"&D97&"|"&E97&"|"&F97&"|"&O97 -> PD|TotalCapacityAnnual|RE1|PWRNGS_CS|2023 | B97: PD | C97: simulation_328_results_filtered_PD.xlsx | D97: TotalCapacityAnnual | E97: RE1 | F97: PWRNGS_CS | O97: 2023 | P97: 23.96736
A98: =B98&"|"&D98&"|"&E98&"|"&F98&"|"&O98 -> PD|TotalCapacityAnnual|RE1|PWRSOLRTP|2023 | B98: PD | C98: simulation_328_results_filtered_PD.xlsx | D98: TotalCapacityAnnual | E98: RE1 | F98: PWRSOLRTP | O98: 2023 | P98: 6.8997655
A99: =B99&"|"&D99&"|"&E99&"|"&F99&"|"&O99 -> PD|TotalCapacityAnnual|RE1|PWRSOLRTP_ZNI|2023 | B99: PD | C99: simulation_328_results_filtered_PD.xlsx | D99: TotalCapacityAnnual | E99: RE1 | F99: PWRSOLRTP_ZNI | O99: 2023 | P99: 0.46074096
A100: =B100&"|"&D100&"|"&E100&"|"&F100&"|"&O100 -> PD|TotalCapacityAnnual|RE1|PWRSOLUGE|2023 | B100: PD | C100: simulation_328_results_filtered_PD.xlsx | D100: TotalCapacityAnnual | E100: RE1 | F100: PWRSOLUGE | O100: 2023 | P100: 33.27048
A101: =B101&"|"&D101&"|"&E101&"|"&F101&"|"&O101 -> PD|TotalCapacityAnnual|RE1|PWRSOLUPE|2023 | B101: PD | C101: simulation_328_results_filtered_PD.xlsx | D101: TotalCapacityAnnual | E101: RE1 | F101: PWRSOLUPE | O101: 2023 | P101: 13.851116
A102: =B102&"|"&D102&"|"&E102&"|"&F102&"|"&O102 -> PD|TotalCapacityAnnual|RE1|PWRSTD|2023 | B102: PD | C102: simulation_328_results_filtered_PD.xlsx | D102: TotalCapacityAnnual | E102: RE1 | F102: PWRSTD | O102: 2023 | P102: 8.1630621
A103: =B103&"|"&D103&"|"&E103&"|"&F103&"|"&O103 -> PD|TotalCapacityAnnual|RE1|PWRWNDONS|2023 | B103: PD | C103: simulation_328_results_filtered_PD.xlsx | D103: TotalCapacityAnnual | E103: RE1 | F103: PWRWNDONS | O103: 2023 | P103: 1.6468099
A104: =B104&"|"&D104&"|"&E104&"|"&F104&"|"&O104 -> PD|AccumulatedNewCapacity|RE1|PWRBGS|2024 | B104: PD | C104: simulation_328_results_filtered_PD.xlsx | D104: AccumulatedNewCapacity | E104: RE1 | F104: PWRBGS | O104: 2024
A105: =B105&"|"&D105&"|"&E105&"|"&F105&"|"&O105 -> PD|AccumulatedNewCapacity|RE1|PWRCOA|2024 | B105: PD | C105: simulation_328_results_filtered_PD.xlsx | D105: AccumulatedNewCapacity | E105: RE1 | F105: PWRCOA | O105: 2024
A106: =B106&"|"&D106&"|"&E106&"|"&F106&"|"&O106 -> PD|AccumulatedNewCapacity|RE1|PWRDSL|2024 | B106: PD | C106: simulation_328_results_filtered_PD.xlsx | D106: AccumulatedNewCapacity | E106: RE1 | F106: PWRDSL | O106: 2024
A107: =B107&"|"&D107&"|"&E107&"|"&F107&"|"&O107 -> PD|AccumulatedNewCapacity|RE1|PWRFOL|2024 | B107: PD | C107: simulation_328_results_filtered_PD.xlsx | D107: AccumulatedNewCapacity | E107: RE1 | F107: PWRFOL | O107: 2024
A108: =B108&"|"&D108&"|"&E108&"|"&F108&"|"&O108 -> PD|AccumulatedNewCapacity|RE1|PWRHYDDAM|2024 | B108: PD | C108: simulation_328_results_filtered_PD.xlsx | D108: AccumulatedNewCapacity | E108: RE1 | F108: PWRHYDDAM | O108: 2024
A109: =B109&"|"&D109&"|"&E109&"|"&F109&"|"&O109 -> PD|AccumulatedNewCapacity|RE1|PWRHYDROR|2024 | B109: PD | C109: simulation_328_results_filtered_PD.xlsx | D109: AccumulatedNewCapacity | E109: RE1 | F109: PWRHYDROR | O109: 2024
A110: =B110&"|"&D110&"|"&E110&"|"&F110&"|"&O110 -> PD|AccumulatedNewCapacity|RE1|PWRHYDROR_NDC|2024 | B110: PD | C110: simulation_328_results_filtered_PD.xlsx | D110: AccumulatedNewCapacity | E110: RE1 | F110: PWRHYDROR_NDC | O110: 2024
A111: =B111&"|"&D111&"|"&E111&"|"&F111&"|"&O111 -> PD|AccumulatedNewCapacity|RE1|PWRJET|2024 | B111: PD | C111: simulation_328_results_filtered_PD.xlsx | D111: AccumulatedNewCapacity | E111: RE1 | F111: PWRJET | O111: 2024
A112: =B112&"|"&D112&"|"&E112&"|"&F112&"|"&O112 -> PD|AccumulatedNewCapacity|RE1|PWRLPG|2024 | B112: PD | C112: simulation_328_results_filtered_PD.xlsx | D112: AccumulatedNewCapacity | E112: RE1 | F112: PWRLPG | O112: 2024
A113: =B113&"|"&D113&"|"&E113&"|"&F113&"|"&O113 -> PD|AccumulatedNewCapacity|RE1|PWRNGS_CC|2024 | B113: PD | C113: simulation_328_results_filtered_PD.xlsx | D113: AccumulatedNewCapacity | E113: RE1 | F113: PWRNGS_CC | O113: 2024
A114: =B114&"|"&D114&"|"&E114&"|"&F114&"|"&O114 -> PD|AccumulatedNewCapacity|RE1|PWRNGS_CS|2024 | B114: PD | C114: simulation_328_results_filtered_PD.xlsx | D114: AccumulatedNewCapacity | E114: RE1 | F114: PWRNGS_CS | O114: 2024
A115: =B115&"|"&D115&"|"&E115&"|"&F115&"|"&O115 -> PD|AccumulatedNewCapacity|RE1|PWRSOLRTP|2024 | B115: PD | C115: simulation_328_results_filtered_PD.xlsx | D115: AccumulatedNewCapacity | E115: RE1 | F115: PWRSOLRTP | O115: 2024
... A137: =B137&"|"&D137&"|"&E137&"|"&F137&"|"&O137 -> PD|NewCapacity|RE1|PWRWNDONS|2024 | B137: PD | C137: simulation_328_results_filtered_PD.xlsx | D137: NewCapacity | E137: RE1 | F137: PWRWNDONS | O137: 2024
A138: =B138&"|"&D138&"|"&E138&"|"&F138&"|"&O138 -> PD|TotalCapacityAnnual|RE1|PWRBGS|2024 | B138: PD | C138: simulation_328_results_filtered_PD.xlsx | D138: TotalCapacityAnnual | E138: RE1 | F138: PWRBGS | O138: 2024 | P138: 0.025488588
A139: =B139&"|"&D139&"|"&E139&"|"&F139&"|"&O139 -> PD|TotalCapacityAnnual|RE1|PWRCOA|2024 | B139: PD | C139: simulation_328_results_filtered_PD.xlsx | D139: TotalCapacityAnnual | E139: RE1 | F139: PWRCOA | O139: 2024 | P139: 50.867568
A140: =B140&"|"&D140&"|"&E140&"|"&F140&"|"&O140 -> PD|TotalCapacityAnnual|RE1|PWRDSL|2024 | B140: PD | C140: simulation_328_results_filtered_PD.xlsx | D140: TotalCapacityAnnual | E140: RE1 | F140: PWRDSL | O140: 2024 | P140: 28.477008
A141: =B141&"|"&D141&"|"&E141&"|"&F141&"|"&O141 -> PD|TotalCapacityAnnual|RE1|PWRFOL|2024 | B141: PD | C141: simulation_328_results_filtered_PD.xlsx | D141: TotalCapacityAnnual | E141: RE1 | F141: PWRFOL | O141: 2024 | P141: 8.388576
A142: =B142&"|"&D142&"|"&E142&"|"&F142&"|"&O142 -> PD|TotalCapacityAnnual|RE1|PWRHYDDAM|2024 | B142: PD | C142: simulation_328_results_filtered_PD.xlsx | D142: TotalCapacityAnnual | E142: RE1 | F142: PWRHYDDAM | O142: 2024 | P142: 364.80845
A143: =B143&"|"&D143&"|"&E143&"|"&F143&"|"&O143 -> PD|TotalCapacityAnnual|RE1|PWRHYDROR|2024 | B143: PD | C143: simulation_328_results_filtered_PD.xlsx | D143: TotalCapacityAnnual | E143: RE1 | F143: PWRHYDROR | O143: 2024 | P143: 21.097584
A144: =B144&"|"&D144&"|"&E144&"|"&F144&"|"&O144 -> PD|TotalCapacityAnnual|RE1|PWRHYDROR_NDC|2024 | B144: PD | C144: simulation_328_results_filtered_PD.xlsx | D144: TotalCapacityAnnual | E144: RE1 | F144: PWRHYDROR_NDC | O144: 2024 | P144: 29.725108
A145: =B145&"|"&D145&"|"&E145&"|"&F145&"|"&O145 -> PD|TotalCapacityAnnual|RE1|PWRJET|2024 | B145: PD | C145: simulation_328_results_filtered_PD.xlsx | D145: TotalCapacityAnnual | E145: RE1 | F145: PWRJET | O145: 2024 | P145: 1.5768
A146: =B146&"|"&D146&"|"&E146&"|"&F146&"|"&O146 -> PD|TotalCapacityAnnual|RE1|PWRLPG|2024 | B146: PD | C146: simulation_328_results_filtered_PD.xlsx | D146: TotalCapacityAnnual | E146: RE1 | F146: PWRLPG | O146: 2024 | P146: 1.639872
A147: =B147&"|"&D147&"|"&E147&"|"&F147&"|"&O147 -> PD|TotalCapacityAnnual|RE1|PWRNGS_CC|2024 | B147: PD | C147: simulation_328_results_filtered_PD.xlsx | D147: TotalCapacityAnnual | E147: RE1 | F147: PWRNGS_CC | O147: 2024 | P147: 70.1045
A148: =B148&"|"&D148&"|"&E148&"|"&F148&"|"&O148 -> PD|TotalCapacityAnnual|RE1|PWRNGS_CS|2024 | B148: PD | C148: simulation_328_results_filtered_PD.xlsx | D148: TotalCapacityAnnual | E148: RE1 | F148: PWRNGS_CS | O148: 2024 | P148: 23.96736
A149: =B149&"|"&D149&"|"&E149&"|"&F149&"|"&O149 -> PD|TotalCapacityAnnual|RE1|PWRSOLRTP|2024 | B149: PD | C149: simulation_328_results_filtered_PD.xlsx | D149: TotalCapacityAnnual | E149: RE1 | F149: PWRSOLRTP | O149: 2024 | P149: 12.221807
... A154: =B154&"|"&D154&"|"&E154&"|"&F154&"|"&O154 -> PD|TotalCapacityAnnual|RE1|PWRWNDONS|2024 | B154: PD | C154: simulation_328_results_filtered_PD.xlsx | D154: TotalCapacityAnnual | E154: RE1 | F154: PWRWNDONS | O154: 2024 | P154: 1.0659168
A155: =B155&"|"&D155&"|"&E155&"|"&F155&"|"&O155 -> PD|AccumulatedNewCapacity|RE1|PWRBGS|2025 | B155: PD | C155: simulation_328_results_filtered_PD.xlsx | D155: AccumulatedNewCapacity | E155: RE1 | F155: PWRBGS | O155: 2025
A156: =B156&"|"&D156&"|"&E156&"|"&F156&"|"&O156 -> PD|AccumulatedNewCapacity|RE1|PWRCOA|2025 | B156: PD | C156: simulation_328_results_filtered_PD.xlsx | D156: AccumulatedNewCapacity | E156: RE1 | F156: PWRCOA | O156: 2025
A157: =B157&"|"&D157&"|"&E157&"|"&F157&"|"&O157 -> PD|AccumulatedNewCapacity|RE1|PWRDSL|2025 | B157: PD | C157: simulation_328_results_filtered_PD.xlsx | D157: AccumulatedNewCapacity | E157: RE1 | F157: PWRDSL | O157: 2025
A158: =B158&"|"&D158&"|"&E158&"|"&F158&"|"&O158 -> PD|AccumulatedNewCapacity|RE1|PWRFOL|2025 | B158: PD | C158: simulation_328_results_filtered_PD.xlsx | D158: AccumulatedNewCapacity | E158: RE1 | F158: PWRFOL | O158: 2025
A159: =B159&"|"&D159&"|"&E159&"|"&F159&"|"&O159 -> PD|AccumulatedNewCapacity|RE1|PWRHYDDAM|2025 | B159: PD | C159: simulation_328_results_filtered_PD.xlsx | D159: AccumulatedNewCapacity | E159: RE1 | F159: PWRHYDDAM | O159: 2025
A160: =B160&"|"&D160&"|"&E160&"|"&F160&"|"&O160 -> PD|AccumulatedNewCapacity|RE1|PWRHYDROR|2025 | B160: PD | C160: simulation_328_results_filtered_PD.xlsx | D160: AccumulatedNewCapacity | E160: RE1 | F160: PWRHYDROR | O160: 2025
A161: =B161&"|"&D161&"|"&E161&"|"&F161&"|"&O161 -> PD|AccumulatedNewCapacity|RE1|PWRHYDROR_NDC|2025 | B161: PD | C161: simulation_328_results_filtered_PD.xlsx | D161: AccumulatedNewCapacity | E161: RE1 | F161: PWRHYDROR_NDC | O161: 2025
A162: =B162&"|"&D162&"|"&E162&"|"&F162&"|"&O162 -> PD|AccumulatedNewCapacity|RE1|PWRJET|2025 | B162: PD | C162: simulation_328_results_filtered_PD.xlsx | D162: AccumulatedNewCapacity | E162: RE1 | F162: PWRJET | O162: 2025
A163: =B163&"|"&D163&"|"&E163&"|"&F163&"|"&O163 -> PD|AccumulatedNewCapacity|RE1|PWRLPG|2025 | B163: PD | C163: simulation_328_results_filtered_PD.xlsx | D163: AccumulatedNewCapacity | E163: RE1 | F163: PWRLPG | O163: 2025
A164: =B164&"|"&D164&"|"&E164&"|"&F164&"|"&O164 -> PD|AccumulatedNewCapacity|RE1|PWRNGS_CC|2025 | B164: PD | C164: simulation_328_results_filtered_PD.xlsx | D164: AccumulatedNewCapacity | E164: RE1 | F164: PWRNGS_CC | O164: 2025
A165: =B165&"|"&D165&"|"&E165&"|"&F165&"|"&O165 -> PD|AccumulatedNewCapacity|RE1|PWRNGS_CS|2025 | B165: PD | C165: simulation_328_results_filtered_PD.xlsx | D165: AccumulatedNewCapacity | E165: RE1 | F165: PWRNGS_CS | O165: 2025
A166: =B166&"|"&D166&"|"&E166&"|"&F166&"|"&O166 -> PD|AccumulatedNewCapacity|RE1|PWRSOLRTP|2025 | B166: PD | C166: simulation_328_results_filtered_PD.xlsx | D166: AccumulatedNewCapacity | E166: RE1 | F166: PWRSOLRTP | O166: 2025
A167: =B167&"|"&D167&"|"&E167&"|"&F167&"|"&O167 -> PD|AccumulatedNewCapacity|RE1|PWRSOLRTP_ZNI|2025 | B167: PD | C167: simulation_328_results_filtered_PD.xlsx | D167: AccumulatedNewCapacity | E167: RE1 | F167: PWRSOLRTP_ZNI | O167: 2025
...

Sheet FactorInputs
A1: factor_lookup_key | B1: Source | C1: Technology | D1: Factor_Type | E1: Job_Type | F1: Unit | G1: Year | H1: Value | I1: Value_Numeric | J1: Method_Applied | K1: Mapped_Rutovitz_Tech | L1: Rutovitz_2030_Factor | M1: Mapped_Catalogue_Tech | N1: Learning_Rate | O1: Projection_Input | P1: Base_Year | Q1: Projected_Year | R1: Projected_Value | S1: Interpolation_Method | T1: Default_Source | U1: Default_Source_Note
A2: =C2&"|"&G2&"|"&D2&"|"&E2 -> Battery storage (grid)|2047|Construction&Manufacturing|Direct | B2: Rutovitz 2025 | C2: Battery storage (grid) | D2: Construction&Manufacturing | E2: Direct | F2: job-yr/MW | G2: 2047 | H2: 0.38457119 | I2: 0.38457119 | J2: Linear interpolation | M2: Utility-scale Lithium-ion | O2: Construction + Manufacturing; Rutovitz 2025 total manufacturing factor used without local-share scaling | P2: 2030 | Q2: 2047 | R2: 0.38457119 | S2: Linear interpolation between known datapoints | T2: Rutovitz 2025
A3: =C3&"|"&G3&"|"&D3&"|"&E3 -> Battery storage (grid)|2047|O&M|Direct | B3: Rutovitz 2025 | C3: Battery storage (grid) | D3: O&M | E3: Direct | F3: job/MW | G3: 2047 | H3: 0.017994675 | I3: 0.017994675 | J3: Linear interpolation | M3: Utility-scale Lithium-ion | O3: OPEX 2050/2030=0.8009507801593532 | P3: 2030 | Q3: 2047 | R3: 0.017994675 | S3: Linear interpolation between known datapoints | T3: Rutovitz 2025
A4: =C4&"|"&G4&"|"&D4&"|"&E4 -> Battery storage (grid)|2048|O&M|Direct | B4: Rutovitz 2025 | C4: Battery storage (grid) | D4: O&M | E4: Direct | F4: job/MW | G4: 2048 | H4: 0.017779113 | I4: 0.017779113 | J4: Linear interpolation | M4: Utility-scale Lithium-ion | O4: OPEX 2050/2030=0.8009507801593532 | P4: 2030 | Q4: 2048 | R4: 0.017779113 | S4: Linear interpolation between known datapoints | T4: Rutovitz 2025
A5: =C5&"|"&G5&"|"&D5&"|"&E5 -> Battery storage (grid)|2049|O&M|Direct | B5: Rutovitz 2025 | C5: Battery storage (grid) | D5: O&M | E5: Direct | F5: job/MW | G5: 2049 | H5: 0.01756355 | I5: 0.01756355 | J5: Linear interpolation | M5: Utility-scale Lithium-ion | O5: OPEX 2050/2030=0.8009507801593532 | P5: 2030 | Q5: 2049 | R5: 0.01756355 | S5: Linear interpolation between known datapoints | T5: Rutovitz 2025
A6: =C6&"|"&G6&"|"&D6&"|"&E6 -> Battery storage (grid)|2050|O&M|Direct | B6: Rutovitz 2025 | C6: Battery storage (grid) | D6: O&M | E6: Direct | F6: job/MW | G6: 2050 | H6: 0.017347987 | I6: 0.017347987 | J6: CAPEX/OPEX ratio projection | M6: Utility-scale Lithium-ion | O6: OPEX 2050/2030=0.8009507801593532 | P6: 2030 | Q6: 2050 | R6: 0.017347987 | S6: Known datapoint | T6: Rutovitz 2025
A7: =C7&"|"&G7&"|"&D7&"|"&E7 -> Battery storage (grid)|2051|O&M|Direct | B7: Rutovitz 2025 | C7: Battery storage (grid) | D7: O&M | E7: Direct | F7: job/MW | G7: 2051 | H7: 0.017347987 | I7: 0.017347987 | J7: Linear interpolation | M7: Utility-scale Lithium-ion | O7: OPEX 2050/2030=0.8009507801593532 | P7: 2030 | Q7: 2051 | R7: 0.017347987 | S7: Linear interpolation to 2050; held constant after 2050 | T7: Rutovitz 2025
A8: =C8&"|"&G8&"|"&D8&"|"&E8 -> Battery storage (grid)|2052|O&M|Direct | B8: Rutovitz 2025 | C8: Battery storage (grid) | D8: O&M | E8: Direct | F8: job/MW | G8: 2052 | H8: 0.017347987 | I8: 0.017347987 | J8: Linear interpolation | M8: Utility-scale Lithium-ion | O8: OPEX 2050/2030=0.8009507801593532 | P8: 2030 | Q8: 2052 | R8: 0.017347987 | S8: Linear interpolation to 2050; held constant after 2050 | T8: Rutovitz 2025
A9: =C9&"|"&G9&"|"&D9&"|"&E9 -> Battery storage (grid)|2053|O&M|Direct | B9: Rutovitz 2025 | C9: Battery storage (grid) | D9: O&M | E9: Direct | F9: job/MW | G9: 2053 | H9: 0.017347987 | I9: 0.017347987 | J9: Linear interpolation | M9: Utility-scale Lithium-ion | O9: OPEX 2050/2030=0.8009507801593532 | P9: 2030 | Q9: 2053 | R9: 0.017347987 | S9: Linear interpolation to 2050; held constant after 2050 | T9: Rutovitz 2025
A10: =C10&"|"&G10&"|"&D10&"|"&E10 -> Battery storage (grid)|2054|O&M|Direct | B10: Rutovitz 2025 | C10: Battery storage (grid) | D10: O&M | E10: Direct | F10: job/MW | G10: 2054 | H10: 0.017347987 | I10: 0.017347987 | J10: Linear interpolation | M10: Utility-scale Lithium-ion | O10: OPEX 2050/2030=0.8009507801593532 | P10: 2030 | Q10: 2054 | R10: 0.017347987 | S10: Linear interpolation to 2050; held constant after 2050 | T10: Rutovitz 2025
A11: =C11&"|"&G11&"|"&D11&"|"&E11 -> Battery storage (grid)|2055|O&M|Direct | B11: Rutovitz 2025 | C11: Battery storage (grid) | D11: O&M | E11: Direct | F11: job/MW | G11: 2055 | H11: 0.017347987 | I11: 0.017347987 | J11: Linear interpolation | M11: Utility-scale Lithium-ion | O11: OPEX 2050/2030=0.8009507801593532 | P11: 2030 | Q11: 2055 | R11: 0.017347987 | S11: Linear interpolation to 2050; held constant after 2050 | T11: Rutovitz 2025
A12: =C12&"|"&G12&"|"&D12&"|"&E12 -> Geothermal|2040|Construction&Manufacturing|Direct | B12: I-JEDI | C12: Geothermal | D12: Construction&Manufacturing | E12: Direct | F12: job-yr/MW | G12: 2040 | H12: 4.6071987 | I12: 4.6071987 | J12: Linear interpolation | M12: Geothermal large | O12: CAPEX 2050/2030=0.9229247031680952 | P12: 2030 | Q12: 2040 | R12: 4.6071987 | S12: Linear interpolation between known datapoints | T12: I-JEDI
A13: =C13&"|"&G13&"|"&D13&"|"&E13 -> Geothermal|2041|Construction&Manufacturing|Direct | B13: I-JEDI | C13: Geothermal | D13: Construction&Manufacturing | E13: Direct | F13: job-yr/MW | G13: 2041 | H13: 4.588732 | I13: 4.588732 | J13: Linear interpolation | M13: Geothermal large | O13: CAPEX 2050/2030=0.9229247031680952 | P13: 2030 | Q13: 2041 | R13: 4.588732 | S13: Linear interpolation between known datapoints | T13: I-JEDI
... A37: =C37&"|"&G37&"|"&D37&"|"&E37 -> Geothermal|2055|O&M|Direct | B37: I-JEDI | C37: Geothermal | D37: O&M | E37: Direct | F37: job/MW | G37: 2055 | H37: 0.0069576837 | I37: 0.0069576837 | J37: Linear interpolation | M37: Geothermal large | O37: OPEX 2050/2030=0.9231678486997636 | P37: 2030 | Q37: 2055 | R37: 0.0069576837 | S37: Linear interpolation to 2050; held constant after 2050 | T37: I-JEDI
A38: =C38&"|"&G38&"|"&D38&"|"&E38 -> Hydro (large)|2028|Construction&Manufacturing|Direct | B38: Rutovitz 2015 | C38: Hydro (large) | D38: Construction&Manufacturing | E38: Direct | F38: job-yr/MW | G38: 2028 | H38: 11.561267 | I38: 11.561267 | J38: Linear interpolation | K38: Hydro-large | M38: Large Hydro reservoir | O38: Construction + Manufacturing; full regional manufacturing assumed by Rutovitz 2015 method | P38: 2030 | Q38: 2028 | R38: 11.561267 | S38: Linear interpolation between known datapoints | T38: Rutovitz 2015
A39: =C39&"|"&G39&"|"&D39&"|"&E39 -> Hydro (large)|2028|O&M|Direct | B39: Rutovitz 2015 | C39: Hydro (large) | D39: O&M | E39: Direct | F39: job/MW | G39: 2028 | H39: 0.6364 | I39: 0.6364 | J39: Linear interpolation | K39: Hydro-large | M39: Large Hydro reservoir | O39: OPEX 2050/2030=0.994535519125683 | P39: 2030 | Q39: 2028 | R39: 0.6364 | S39: Linear interpolation between known datapoints | T39: Rutovitz 2015
A40: =C40&"|"&G40&"|"&D40&"|"&E40 -> Hydro (large)|2029|O&M|Direct | B40: Rutovitz 2015 | C40: Hydro (large) | D40: O&M | E40: Direct | F40: job/MW | G40: 2029 | H40: 0.6392 | I40: 0.6392 | J40: Linear interpolation | K40: Hydro-large | M40: Large Hydro reservoir | O40: OPEX 2050/2030=0.994535519125683 | P40: 2030 | Q40: 2029 | R40: 0.6392 | S40: Linear interpolation between known datapoints | T40: Rutovitz 2015
A41: =C41&"|"&G41&"|"&D41&"|"&E41 -> Hydro (large)|2030|O&M|Direct | B41: Rutovitz 2015 | C41: Hydro (large) | D41: O&M | E41: Direct | F41: job/MW | G41: 2030 | H41: 0.642 | I41: 0.642 | J41: Rutovitz Table 9 decline to 2030 | K41: Hydro-large | L41: 1.07 | O41: Rutovitz Table 9 Latin America 2030 | P41: 2015 | Q41: 2030 | R41: 0.642 | S41: Known datapoint | T41: Rutovitz 2015
A42: =C42&"|"&G42&"|"&D42&"|"&E42 -> Hydro (large)|2031|O&M|Direct | B42: Rutovitz 2015 | C42: Hydro (large) | D42: O&M | E42: Direct | F42: job/MW | G42: 2031 | H42: 0.64182459 | I42: 0.64182459 | J42: Linear interpolation | K42: Hydro-large | M42: Large Hydro reservoir | O42: OPEX 2050/2030=0.994535519125683 | P42: 2030 | Q42: 2031 | R42: 0.64182459 | S42: Linear interpolation between known datapoints | T42: Rutovitz 2015
A43: =C43&"|"&G43&"|"&D43&"|"&E43 -> Hydro (large)|2032|O&M|Direct | B43: Rutovitz 2015 | C43: Hydro (large) | D43: O&M | E43: Direct | F43: job/MW | G43: 2032 | H43: 0.64164918 | I43: 0.64164918 | J43: Linear interpolation | K43: Hydro-large | M43: Large Hydro reservoir | O43: OPEX 2050/2030=0.994535519125683 | P43: 2030 | Q43: 2032 | R43: 0.64164918 | S43: Linear interpolation between known datapoints | T43: Rutovitz 2015
A44: =C44&"|"&G44&"|"&D44&"|"&E44 -> Hydro (large)|2033|O&M|Direct | B44: Rutovitz 2015 | C44: Hydro (large) | D44: O&M | E44: Direct | F44: job/MW | G44: 2033 | H44: 0.64147377 | I44: 0.64147377 | J44: Linear interpolation | K44: Hydro-large | M44: Large Hydro reservoir | O44: OPEX 2050/2030=0.994535519125683 | P44: 2030 | Q44: 2033 | R44: 0.64147377 | S44: Linear interpolation between known datapoints | T44: Rutovitz 2015
A45: =C45&"|"&G45&"|"&D45&"|"&E45 -> Hydro (large)|2034|O&M|Direct | B45: Rutovitz 2015 | C45: Hydro (large) | D45: O&M | E45: Direct | F45: job/MW | G45: 2034 | H45: 0.64129836 | I45: 0.64129836 | J45: Linear interpolation | K45: Hydro-large | M45: Large Hydro reservoir | O45: OPEX 2050/2030=0.994535519125683 | P45: 2030 | Q45: 2034 | R45: 0.64129836 | S45: Linear interpolation between known datapoints | T45: Rutovitz 2015
A46: =C46&"|"&G46&"|"&D46&"|"&E46 -> Hydro (large)|2035|O&M|Direct | B46: Rutovitz 2015 | C46: Hydro (large) | D46: O&M | E46: Direct | F46: job/MW | G46: 2035 | H46: 0.64112295 | I46: 0.64112295 | J46: Linear interpolation | K46: Hydro-large | M46: Large Hydro reservoir | O46: OPEX 2050/2030=0.994535519125683 | P46: 2030 | Q46: 2035 | R46: 0.64112295 | S46: Linear interpolation between known datapoints | T46: Rutovitz 2015
A47: =C47&"|"&G47&"|"&D47&"|"&E47 -> Hydro (large)|2036|O&M|Direct | B47: Rutovitz 2015 | C47: Hydro (large) | D47: O&M | E47: Direct | F47: job/MW | G47: 2036 | H47: 0.64094754 | I47: 0.64094754 | J47: Linear interpolation | K47: Hydro-large | M47: Large Hydro reservoir | O47: OPEX 2050/2030=0.994535519125683 | P47: 2030 | Q47: 2036 | R47: 0.64094754 | S47: Linear interpolation between known datapoints | T47: Rutovitz 2015
A48: =C48&"|"&G48&"|"&D48&"|"&E48 -> Hydro (large)|2037|O&M|Direct | B48: Rutovitz 2015 | C48: Hydro (large) | D48: O&M | E48: Direct | F48: job/MW | G48: 2037 | H48: 0.64077213 | I48: 0.64077213 | J48: Linear interpolation | K48: Hydro-large | M48: Large Hydro reservoir | O48: OPEX 2050/2030=0.994535519125683 | P48: 2030 | Q48: 2037 | R48: 0.64077213 | S48: Linear interpolation between known datapoints | T48: Rutovitz 2015
A49: =C49&"|"&G49&"|"&D49&"|"&E49 -> Hydro (large)|2038|O&M|Direct | B49: Rutovitz 2015 | C49: Hydro (large) | D49: O&M | E49: Direct | F49: job/MW | G49: 2038 | H49: 0.64059672 | I49: 0.64059672 | J49: Linear interpolation | K49: Hydro-large | M49: Large Hydro reservoir | O49: OPEX 2050/2030=0.994535519125683 | P49: 2030 | Q49: 2038 | R49: 0.64059672 | S49: Linear interpolation between known datapoints | T49: Rutovitz 2015
A50: =C50&"|"&G50&"|"&D50&"|"&E50 -> Hydro (large)|2039|O&M|Direct | B50: Rutovitz 2015 | C50: Hydro (large) | D50: O&M | E50: Direct | F50: job/MW | G50: 2039 | H50: 0.64042131 | I50: 0.64042131 | J50: Linear interpolation | K50: Hydro-large | M50: Large Hydro reservoir | O50: OPEX 2050/2030=0.994535519125683 | P50: 2030 | Q50: 2039 | R50: 0.64042131 | S50: Linear interpolation between known datapoints | T50: Rutovitz 2015
A51: =C51&"|"&G51&"|"&D51&"|"&E51 -> Hydro (large)|2040|O&M|Direct | B51: Rutovitz 2015 | C51: Hydro (large) | D51: O&M | E51: Direct | F51: job/MW | G51: 2040 | H51: 0.6402459 | I51: 0.6402459 | J51: Linear interpolation | K51: Hydro-large | M51: Large Hydro reservoir | O51: OPEX 2050/2030=0.994535519125683 | P51: 2030 | Q51: 2040 | R51: 0.6402459 | S51: Linear interpolation between known datapoints | T51: Rutovitz 2015
A52: =C52&"|"&G52&"|"&D52&"|"&E52 -> Hydro (large)|2041|O&M|Direct | B52: Rutovitz 2015 | C52: Hydro (large) | D52: O&M | E52: Direct | F52: job/MW | G52: 2041 | H52: 0.64007049 | I52: 0.64007049 | J52: Linear interpolation | K52: Hydro-large | M52: Large Hydro reservoir | O52: OPEX 2050/2030=0.994535519125683 | P52: 2030 | Q52: 2041 | R52: 0.64007049 | S52: Linear interpolation between known datapoints | T52: Rutovitz 2015
A53: =C53&"|"&G53&"|"&D53&"|"&E53 -> Hydro (large)|2042|O&M|Direct | B53: Rutovitz 2015 | C53: Hydro (large) | D53: O&M | E53: Direct | F53: job/MW | G53: 2042 | H53: 0.63989508 | I53: 0.63989508 | J53: Linear interpolation | K53: Hydro-large | M53: Large Hydro reservoir | O53: OPEX 2050/2030=0.994535519125683 | P53: 2030 | Q53: 2042 | R53: 0.63989508 | S53: Linear interpolation between known datapoints | T53: Rutovitz 2015
... A105: =C105&"|"&G105&"|"&D105&"|"&E105 -> Nuclear|2055|O&M|Direct | B105: Rutovitz 2015 | C105: Nuclear | D105: O&M | E105: Direct | F105: job/MW | G105: 2055 | H105: 1.0829167 | I105: 1.0829167 | J105: Linear interpolation | K105: Nuclear | M105: Nuclear PWR | O105: OPEX 2050/2030=0.9416666666666668 | P105: 2030 | Q105: 2055 | R105: 1.0829167 | S105: Linear interpolation to 2050; held constant after 2050 | T105: Rutovitz 2015
A106: =C106&"|"&G106&"|"&D106&"|"&E106 -> Offshore wind (fixed)|2032|Construction&Manufacturing|Direct | B106: French QBIS 2023 | C106: Offshore wind (fixed) | D106: Construction&Manufacturing | E106: Direct | F106: job-yr/MW | G106: 2032 | H106: 4.6353844 | I106: 4.6353844 | J106: Linear interpolation | M106: Wind Offshore fixed bottom | O106: CAPEX 2050/2030=0.7005449997448997 | P106: 2030 | Q106: 2032 | R106: 4.6353844 | S106: Linear interpolation between known datapoints | T106: French QBIS 2023
A107: =C107&"|"&G107&"|"&D107&"|"&E107 -> Offshore wind (fixed)|2033|Construction&Manufacturing|Direct | B107: French QBIS 2023 | C107: Offshore wind (fixed) | D107: Construction&Manufacturing | E107: Direct | F107: job-yr/MW | G107: 2033 | H107: 4.5638374 | I107: 4.5638374 | J107: Linear interpolation | M107: Wind Offshore fixed bottom | O107: CAPEX 2050/2030=0.7005449997448997 | P107: 2030 | Q107: 2033 | R107: 4.5638374 | S107: Linear interpolation between known datapoints | T107: French QBIS 2023
A108: =C108&"|"&G108&"|"&D108&"|"&E108 -> Offshore wind (fixed)|2034|Construction&Manufacturing|Direct | B108: French QBIS 2023 | C108: Offshore wind (fixed) | D108: Construction&Manufacturing | E108: Direct | F108: job-yr/MW | G108: 2034 | H108: 4.4922905 | I108: 4.4922905 | J108: Linear interpolation | M108: Wind Offshore fixed bottom | O108: CAPEX 2050/2030=0.7005449997448997 | P108: 2030 | Q108: 2034 | R108: 4.4922905 | S108: Linear interpolation between known datapoints | T108: French QBIS 2023
A109: =C109&"|"&G109&"|"&D109&"|"&E109 -> Offshore wind (fixed)|2035|Construction&Manufacturing|Direct | B109: French QBIS 2023 | C109: Offshore wind (fixed) | D109: Construction&Manufacturing | E109: Direct | F109: job-yr/MW | G109: 2035 | H109: 4.4207435 | I109: 4.4207435 | J109: Linear interpolation | M109: Wind Offshore fixed bottom | O109: CAPEX 2050/2030=0.7005449997448997 | P109: 2030 | Q109: 2035 | R109: 4.4207435 | S109: Linear interpolation between known datapoints | T109: French QBIS 2023
A110: =C110&"|"&G110&"|"&D110&"|"&E110 -> Offshore wind (fixed)|2036|Construction&Manufacturing|Direct | B110: French QBIS 2023 | C110: Offshore wind (fixed) | D110: Construction&Manufacturing | E110: Direct | F110: job-yr/MW | G110: 2036 | H110: 4.3491966 | I110: 4.3491966 | J110: Linear interpolation | M110: Wind Offshore fixed bottom | O110: CAPEX 2050/2030=0.7005449997448997 | P110: 2030 | Q110: 2036 | R110: 4.3491966 | S110: Linear interpolation between known datapoints | T110: French QBIS 2023
A111: =C111&"|"&G111&"|"&D111&"|"&E111 -> Offshore wind (fixed)|2037|Construction&Manufacturing|Direct | B111: French QBIS 2023 | C111: Offshore wind (fixed) | D111: Construction&Manufacturing | E111: Direct | F111: job-yr/MW | G111: 2037 | H111: 4.2776496 | I111: 4.2776496 | J111: Linear interpolation | M111: Wind Offshore fixed bottom | O111: CAPEX 2050/2030=0.7005449997448997 | P111: 2030 | Q111: 2037 | R111: 4.2776496 | S111: Linear interpolation between known datapoints | T111: French QBIS 2023
A112: =C112&"|"&G112&"|"&D112&"|"&E112 -> Offshore wind (fixed)|2038|Construction&Manufacturing|Direct | B112: French QBIS 2023 | C112: Offshore wind (fixed) | D112: Construction&Manufacturing | E112: Direct | F112: job-yr/MW | G112: 2038 | H112: 4.2061026 | I112: 4.2061026 | J112: Linear interpolation | M112: Wind Offshore fixed bottom | O112: CAPEX 2050/2030=0.7005449997448997 | P112: 2030 | Q112: 2038 | R112: 4.2061026 | S112: Linear interpolation between known datapoints | T112: French QBIS 2023
A113: =C113&"|"&G113&"|"&D113&"|"&E113 -> Offshore wind (fixed)|2039|Construction&Manufacturing|Direct | B113: French QBIS 2023 | C113: Offshore wind (fixed) | D113: Construction&Manufacturing | E113: Direct | F113: job-yr/MW | G113: 2039 | H113: 4.1345557 | I113: 4.1345557 | J113: Linear interpolation | M113: Wind Offshore fixed bottom | O113: CAPEX 2050/2030=0.7005449997448997 | P113: 2030 | Q113: 2039 | R113: 4.1345557 | S113: Linear interpolation between known datapoints | T113: French QBIS 2023
A114: =C114&"|"&G114&"|"&D114&"|"&E114 -> Offshore wind (fixed)|2040|Construction&Manufacturing|Direct | B114: French QBIS 2023 | C114: Offshore wind (fixed) | D114: Construction&Manufacturing | E114: Direct | F114: job-yr/MW | G114: 2040 | H114: 4.0630087 | I114: 4.0630087 | J114: Linear interpolation | M114: Wind Offshore fixed bottom | O114: CAPEX 2050/2030=0.7005449997448997 | P114: 2030 | Q114: 2040 | R114: 4.0630087 | S114: Linear interpolation between known datapoints | T114: French QBIS 2023
A115: =C115&"|"&G115&"|"&D115&"|"&E115 -> Offshore wind (fixed)|2041|Construction&Manufacturing|Direct | B115: French QBIS 2023 | C115: Offshore wind (fixed) | D115: Construction&Manufacturing | E115: Direct | F115: job-yr/MW | G115: 2041 | H115: 3.9914618 | I115: 3.9914618 | J115: Linear interpolation | M115: Wind Offshore fixed bottom | O115: CAPEX 2050/2030=0.7005449997448997 | P115: 2030 | Q115: 2041 | R115: 3.9914618 | S115: Linear interpolation between known datapoints | T115: French QBIS 2023
A116: =C116&"|"&G116&"|"&D116&"|"&E116 -> Offshore wind (fixed)|2042|Construction&Manufacturing|Direct | B116: French QBIS 2023 | C116: Offshore wind (fixed) | D116: Construction&Manufacturing | E116: Direct | F116: job-yr/MW | G116: 2042 | H116: 3.9199148 | I116: 3.9199148 | J116: Linear interpolation | M116: Wind Offshore fixed bottom | O116: CAPEX 2050/2030=0.7005449997448997 | P116: 2030 | Q116: 2042 | R116: 3.9199148 | S116: Linear interpolation between known datapoints | T116: French QBIS 2023
A117: =C117&"|"&G117&"|"&D117&"|"&E117 -> Offshore wind (fixed)|2043|Construction&Manufacturing|Direct | B117: French QBIS 2023 | C117: Offshore wind (fixed) | D117: Construction&Manufacturing | E117: Direct | F117: job-yr/MW | G117: 2043 | H117: 3.8483678 | I117: 3.8483678 | J117: Linear interpolation | M117: Wind Offshore fixed bottom | O117: CAPEX 2050/2030=0.7005449997448997 | P117: 2030 | Q117: 2043 | R117: 3.8483678 | S117: Linear interpolation between known datapoints | T117: French QBIS 2023
... A331: =C331&"|"&G331&"|"&D331&"|"&E331 -> Utility-scale solar PV|2055|O&M|Direct | B331: I-JEDI | C331: Utility-scale solar PV | D331: O&M | E331: Direct | F331: job/MW | G331: 2055 | H331: 0.070418919 | I331: 0.070418919 | J331: Linear interpolation | M331: Utility scale PV(tracking) | O331: OPEX 2050/2030=0.8571428571428571 | P331: 2030 | Q331: 2055 | R331: 0.070418919 | S331: Linear interpolation to 2050; held constant after 2050 | T331: I-JEDI

Sheet Pivot_EmploymentFTE
A1: scenario | B1: CN
A2: factor_type | B2: Construction&Manufacturing
A4: Sum of employment_fte | B4: Column Labels
A5: Row Labels | B5: PWRHYDDAM | C5: PWRHYDROR_NDC | D5: PWRSOLRTP | E5: PWRSOLRTP_ZNI | F5: PWRSOLUGE | G5: PWRSOLUGE_BAT | H5: PWRSOLUPE | I5: PWRWNDOFS_FIX | J5: PWRWNDOFS_FLO | K5: PWRWNDONS | L5: Grand Total
A6: 2025 | F6: 2012.5688 | H6: 1591.1577 | K6: 34.978894 | L6: 3638.7053
A7: 2026 | D7: 2748.2612 | F7: 15804.571 | H7: 953.18804 | K7: 3191.0442 | L7: 22697.064
A8: 2027 | D8: 3706.1016 | F8: 19491.576 | H8: 926.16561 | K8: 3893.9582 | L8: 28017.802
A9: 2028 | B9: 13862.852 | D9: 3828.6379 | K9: 1419.7744 | L9: 19111.264
A10: 2029 | D10: 3905.6306 | K10: 2088.9435 | L10: 5994.5741
A11: 2030 | D11: 3690.3752 | F11: 1719.0497 | K11: 2048.6156 | L11: 7458.0405
A12: 2031 | D12: 3535.5068 | E12: 114.91186 | K12: 2043.182 | L12: 5693.6007
A13: 2032 | D13: 3113.6356 | E13: 7.6484736 | K13: 2037.7484 | L13: 5159.0325
A14: 2033 | D14: 3085.956 | E14: 7.5794707 | K14: 2032.3147 | L14: 5125.8502
A15: 2034 | D15: 2543.0758 | E15: 7.493912 | K15: 2026.8811 | L15: 4577.4508
A16: 2035 | D16: 2206.424 | E16: 7.4268769 | K16: 10173.902 | L16: 12387.753
A17: 2036 | D17: 2201.8615 | E17: 7.4304026 | I17: 1799.0678 | K17: 10146.555 | L17: 14154.915
A18: 2037 | D18: 1831.5258 | E18: 7.4236419 | I18: 3135.3925 | K18: 10119.207 | L18: 15093.549
A19: 2038 | D19: 1363.6469 | E19: 7.4237706 | I19: 6305.6353 | K19: 10091.86 | L19: 17768.566
A20: 2039 | D20: 1045.9637 | E20: 7.421738 | F20: 8792.5796 | I20: 6198.3747 | K20: 10064.513 | L20: 26108.852
A21: 2040 | C21: 28299.81 | D21: 836.66019 | E21: 7.418956 | F21: 8623.3543 | I21: 6091.1141 | K21: 10037.165 | L21: 53895.523
A22: 2041 | C22: 24958.108 | D22: 688.24738 | E22: 7.4159775 | F22: 8454.1291 | I22: 5983.8535 | K22: 10009.818 | L22: 50101.572
A23: 2042 | D23: 751.95524 | E23: 7.4044245 | F23: 8284.9039 | I23: 5876.5929 | K23: 9982.4706 | L23: 24903.327
A24: 2043 | D24: 487.47176 | E24: 7.3888238 | F24: 591.3334 | I24: 5769.3323 | K24: 9955.1232 | L24: 16810.65
A25: 2044 | D25: 438.04022 | E25: 7.3644227 | F25: 1250.7012 | I25: 1067.8179 | K25: 9927.7758 | L25: 12691.7
A26: 2045 | D26: 404.11205 | E26: 8.6689239 | F26: 6142.305 | I26: 5554.8112 | K26: 9900.4285 | L26: 22010.326
A27: 2046 | D27: 381.77694 | E27: 7.1728938 | F27: 7608.003 | I27: 5447.5506 | K27: 9873.0811 | L27: 23317.585
A28: 2047 | C28: 28249.272 | D28: 373.27076 | E28: 6.1475267 | F28: 7438.7778 | G28: 5046.6605 | I28: 5340.29 | J28: 632.62434 | K28: 9845.7338 | L28: 56932.777
A29: 2048 | C29: 28242.053 | D29: 182.38229 | E29: 8.1074245 | F29: 7269.5526 | I29: 5233.0294 | J29: 1295.7414 | K29: 9818.3864 | L29: 52049.252
A30: 2049 | D30: 178.1292 | E30: 6.3008047 | I30: 3861.7467 | K30: 9791.039 | L30: 13837.216
A31: 2050 | D31: 173.8761 | L31: 173.8761
A32: 2051 | D32: 173.8761 | K32: 9763.6917 | L32: 9937.5678
A33: 2052 | D33: 173.8761 | F33: 6931.1022 | I33: 1241.813 | K33: 9763.6917 | L33: 18110.483
A34: 2053 | D34: 173.8761 | E34: 3.0209519 | F34: 6595.998 | I34: 2374.91 | K34: 9763.6917 | L34: 18911.497
A35: 2054 | D35: 173.8761 | E35: 3.0861022 | F35: 1522.9253 | I35: 2245.7811 | K35: 9763.6917 | L35: 13709.36
A36: 2055 | D36: 173.8761 | K36: 2360.7773 | L36: 2534.6535
A37: Grand Total | B37: 13862.852 | C37: 109749.24 | D37: 44571.905 | E37: 254.25738 | F37: 118533.43 | G37: 5046.6605 | H37: 3470.5113 | I37: 73527.113 | J37: 1928.3657 | K37: 211970.04 | L37: 582914.38

Sheet Pivot_CapacityMW
A1: scenario | B1: CN
A2: variable_name | B2: NewCapacity
A4: Sum of capacity_mw | B4: Column Labels
A5: Row Labels | B5: PWRHYDDAM | C5: PWRHYDROR_NDC | D5: PWRSOLRTP | E5: PWRSOLRTP_ZNI | F5: PWRSOLUGE | G5: PWRSOLUGE_BAT | H5: PWRSOLUPE | I5: PWRWNDOFS_FIX | J5: PWRWNDOFS_FLO | K5: PWRWNDONS | L5: Grand Total
A6: 2025 | F6: 212.85421 | H6: 168.28474 | K6: 4.8680291 | L6: 386.00698
A7: 2026 | D7: 328.60547 | F7: 1767.7892 | H7: 106.61697 | K7: 447.93721 | L7: 2650.9488
A8: 2027 | D8: 470.25122 | F8: 2313.4155 | H8: 109.92471 | K8: 551.37273 | L8: 3444.9641
A9: 2028 | B9: 1199.0772 | D9: 517.46647 | K9: 202.80376 | L9: 1919.3475
A10: 2029 | D10: 564.68172 | K10: 301.03683 | L10: 865.71856
A11: 2030 | D11: 573.55439 | F11: 249.82888 | K11: 297.86803 | L11: 1121.2513
A12: 2031 | D12: 558.66099 | E12: 18.157728 | K12: 297.86803 | L12: 874.68674
A13: 2032 | D13: 500.35491 | E13: 1.2290941 | K13: 297.86803 | L13: 799.45203
A14: 2033 | D14: 504.47436 | E14: 1.2390483 | K14: 297.86803 | L14: 803.58143
A15: 2034 | D15: 423.03597 | E15: 1.2465985 | K15: 297.86803 | L15: 722.1506
A16: 2035 | D16: 373.60256 | E16: 1.2575553 | K16: 1499.1634 | L16: 1874.0235
A17: 2036 | D17: 379.62329 | E17: 1.2810769 | I17: 413.65521 | K17: 1499.1634 | L17: 2293.723
A18: 2037 | D18: 321.63409 | E18: 1.3036651 | I18: 732.97085 | K18: 1499.1634 | L18: 2555.072
A19: 2038 | D19: 243.99828 | E19: 1.3283403 | I19: 1499.1634 | K19: 1499.1634 | L19: 3243.6535
A20: 2039 | D20: 190.76229 | E20: 1.3535726 | F20: 1499.1634 | I20: 1499.1634 | K20: 1499.1634 | L20: 4689.6062
A21: 2040 | C21: 993.10467 | D21: 155.58851 | E21: 1.3796573 | F21: 1499.1634 | I21: 1499.1634 | K21: 1499.1634 | L21: 5647.5631
A22: 2041 | C22: 876.06023 | D22: 130.55492 | E22: 1.4067505 | F22: 1499.1634 | I22: 1499.1634 | K22: 1499.1634 | L22: 5505.5122
A23: 2042 | D23: 145.55781 | E23: 1.4332925 | F23: 1499.1634 | I23: 1499.1634 | K23: 1499.1634 | L23: 4644.4814
A24: 2043 | D24: 96.331787 | E24: 1.4601432 | F24: 109.23368 | I24: 1499.1634 | K24: 1499.1634 | L24: 3205.3525
A25: 2044 | D25: 88.409765 | E25: 1.4863632 | F25: 235.95501 | I25: 282.72929 | K25: 1499.1634 | L25: 2107.7439
A26: 2045 | D26: 83.339671 | E26: 1.7877845 | F26: 1184.0104 | I26: 1499.1634 | K26: 1499.1634 | L26: 4267.4647
A27: 2046 | D27: 80.487743 | E27: 1.5122182 | F27: 1499.1634 | I27: 1499.1634 | K27: 1499.1634 | L27: 4579.4903
A28: 2047 | C28: 993.10467 | D28: 80.487743 | E28: 1.3255808 | F28: 1499.1634 | G28: 971.87689 | I28: 1499.1634 | J28: 73.54732 | K28: 1499.1634 | L28: 6617.8325
A29: 2048 | C29: 993.10467 | D29: 40.243872 | E29: 1.7889575 | F29: 1499.1634 | I29: 1499.1634 | J29: 156.93566 | K29: 1499.1634 | L29: 5689.5635
A30: 2049 | D30: 40.243872 | E30: 1.4235105 | I30: 1129.4675 | K30: 1499.1634 | L30: 2670.2983
A31: 2050 | D31: 40.243872 | L31: 40.243872
A32: 2051 | D32: 40.243872 | K32: 1499.1634 | L32: 1539.4073
A33: 2052 | D33: 40.243872 | F33: 1499.1634 | I33: 370.96297 | K33: 1499.1634 | L33: 3409.5337
A34: 2053 | D34: 40.243872 | E34: 0.69920361 | F34: 1426.682 | I34: 709.4495 | K34: 1499.1634 | L34: 3676.238
A35: 2054 | D35: 40.243872 | E35: 0.71428273 | F35: 329.40127 | I35: 670.87524 | K35: 1499.1634 | L35: 2540.3981
A36: 2055 | D36: 40.243872 | K36: 362.48493 | L36: 402.7288
A37: Grand Total | B37: 1199.0772 | C37: 3855.3742 | D37: 7133.4149 | E37: 44.814424 | F37: 19822.478 | G37: 971.87689 | H37: 384.82642 | I37: 19301.745 | J37: 230.48298 | K37: 31843.949 | L37: 84788.039

Sheet EmploymentAggregated
A1: raw_lookup_key | B1: scenario | C1: region | D1: technology | E1: year | F1: variable_name | G1: employment_variable | H1: factor_type | I1: job_type | J1: capacity_pj_per_year | K1: capacity_mw | L1: employment_fte
A2: =B2&"|"&F2&"|"&C2&"|"&D2&"|"&E2 -> CN|NewCapacity|RE1|PWRHYDDAM|2028 | B2: CN | C2: RE1 | D2: PWRHYDDAM | E2: 2028 | F2: NewCapacity | G2: EmploymentConstructionManufacturingDirect | H2: Construction&Manufacturing | I2: Direct | J2: =SUMIFS(RawResultsLong!$P:$P,RawResultsLong!$A:$A,A2) -> 37.84 | K2: =J2*1000/31.5576 -> 1199.0772 | L2: =SUMIFS(EmploymentResults!$V:$V,EmploymentResults!$D:$D,B2,EmploymentResults!$F:$F,C2,EmploymentResults!$G:$G,D2,EmploymentResults!$H:$H,E2,EmploymentResults!$J:$J,G2,EmploymentResults!$K:$K,H2,EmploymentResults!$L:$L,I2) -> 13862.852
A3: =B3&"|"&F3&"|"&C3&"|"&D3&"|"&E3 -> CN|NewCapacity|RE1|PWRHYDROR_NDC|2040 | B3: CN | C3: RE1 | D3: PWRHYDROR_NDC | E3: 2040 | F3: NewCapacity | G3: EmploymentConstructionManufacturingDirect | H3: Construction&Manufacturing | I3: Direct | J3: =SUMIFS(RawResultsLong!$P:$P,RawResultsLong!$A:$A,A3) -> 31.34 | K3: =J3*1000/31.5576 -> 993.10467 | L3: =SUMIFS(EmploymentResults!$V:$V,EmploymentResults!$D:$D,B3,EmploymentResults!$F:$F,C3,EmploymentResults!$G:$G,D3,EmploymentResults!$H:$H,E3,EmploymentResults!$J:$J,G3,EmploymentResults!$K:$K,H3,EmploymentResults!$L:$L,I3) -> 28299.81
A4: =B4&"|"&F4&"|"&C4&"|"&D4&"|"&E4 -> CN|NewCapacity|RE1|PWRHYDROR_NDC|2041 | B4: CN | C4: RE1 | D4: PWRHYDROR_NDC | E4: 2041 | F4: NewCapacity | G4: EmploymentConstructionManufacturingDirect | H4: Construction&Manufacturing | I4: Direct | J4: =SUMIFS(RawResultsLong!$P:$P,RawResultsLong!$A:$A,A4) -> 27.646358 | K4: =J4*1000/31.5576 -> 876.06023 | L4: =SUMIFS(EmploymentResults!$V:$V,EmploymentResults!$D:$D,B4,EmploymentResults!$F:$F,C4,EmploymentResults!$G:$G,D4,EmploymentResults!$H:$H,E4,EmploymentResults!$J:$J,G4,EmploymentResults!$K:$K,H4,EmploymentResults!$L:$L,I4) -> 24958.108
A5: =B5&"|"&F5&"|"&C5&"|"&D5&"|"&E5 -> CN|NewCapacity|RE1|PWRHYDROR_NDC|2047 | B5: CN | C5: RE1 | D5: PWRHYDROR_NDC | E5: 2047 | F5: NewCapacity | G5: EmploymentConstructionManufacturingDirect | H5: Construction&Manufacturing | I5: Direct | J5: =SUMIFS(RawResultsLong!$P:$P,RawResultsLong!$A:$A,A5) -> 31.34 | K5: =J5*1000/31.5576 -> 993.10467 | L5: =SUMIFS(EmploymentResults!$V:$V,EmploymentResults!$D:$D,B5,EmploymentResults!$F:$F,C5,EmploymentResults!$G:$G,D5,EmploymentResults!$H:$H,E5,EmploymentResults!$J:$J,G5,EmploymentResults!$K:$K,H5,EmploymentResults!$L:$L,I5) -> 28249.272
A6: =B6&"|"&F6&"|"&C6&"|"&D6&"|"&E6 -> CN|NewCapacity|RE1|PWRHYDROR_NDC|2048 | B6: CN | C6: RE1 | D6: PWRHYDROR_NDC | E6: 2048 | F6: NewCapacity | G6: EmploymentConstructionManufacturingDirect | H6: Construction&Manufacturing | I6: Direct | J6: =SUMIFS(RawResultsLong!$P:$P,RawResultsLong!$A:$A,A6) -> 31.34 | K6: =J6*1000/31.5576 -> 993.10467 | L6: =SUMIFS(EmploymentResults!$V:$V,EmploymentResults!$D:$D,B6,EmploymentResults!$F:$F,C6,EmploymentResults!$G:$G,D6,EmploymentResults!$H:$H,E6,EmploymentResults!$J:$J,G6,EmploymentResults!$K:$K,H6,EmploymentResults!$L:$L,I6) -> 28242.053
A7: =B7&"|"&F7&"|"&C7&"|"&D7&"|"&E7 -> CN|NewCapacity|RE1|PWRSOLRTP|2026 | B7: CN | C7: RE1 | D7: PWRSOLRTP | E7: 2026 | F7: NewCapacity | G7: EmploymentConstructionManufacturingDirect | H7: Construction&Manufacturing | I7: Direct | J7: =SUMIFS(RawResultsLong!$P:$P,RawResultsLong!$A:$A,A7) -> 10.37 | K7: =J7*1000/31.5576 -> 328.60547 | L7: =SUMIFS(EmploymentResults!$V:$V,EmploymentResults!$D:$D,B7,EmploymentResults!$F:$F,C7,EmploymentResults!$G:$G,D7,EmploymentResults!$H:$H,E7,EmploymentResults!$J:$J,G7,EmploymentResults!$K:$K,H7,EmploymentResults!$L:$L,I7) -> 2748.2612
A8: =B8&"|"&F8&"|"&C8&"|"&D8&"|"&E8 -> CN|NewCapacity|RE1|PWRSOLRTP|2027 | B8: CN | C8: RE1 | D8: PWRSOLRTP | E8: 2027 | F8: NewCapacity | G8: EmploymentConstructionManufacturingDirect | H8: Construction&Manufacturing | I8: Direct | J8: =SUMIFS(RawResultsLong!$P:$P,RawResultsLong!$A:$A,A8) -> 14.84 | K8: =J8*1000/31.5576 -> 470.25122 | L8: =SUMIFS(EmploymentResults!$V:$V,EmploymentResults!$D:$D,B8,EmploymentResults!$F:$F,C8,EmploymentResults!$G:$G,D8,EmploymentResults!$H:$H,E8,EmploymentResults!$J:$J,G8,EmploymentResults!$K:$K,H8,EmploymentResults!$L:$L,I8) -> 3706.1016
A9: =B9&"|"&F9&"|"&C9&"|"&D9&"|"&E9 -> CN|NewCapacity|RE1|PWRSOLRTP|2028 | B9: CN | C9: RE1 | D9: PWRSOLRTP | E9: 2028 | F9: NewCapacity | G9: EmploymentConstructionManufacturingDirect | H9: Construction&Manufacturing | I9: Direct | J9: =SUMIFS(RawResultsLong!$P:$P,RawResultsLong!$A:$A,A9) -> 16.33 | K9: =J9*1000/31.5576 -> 517.46647 | L9: =SUMIFS(EmploymentResults!$V:$V,EmploymentResults!$D:$D,B9,EmploymentResults!$F:$F,C9,EmploymentResults!$G:$G,D9,EmploymentResults!$H:$H,E9,EmploymentResults!$J:$J,G9,EmploymentResults!$K:$K,H9,EmploymentResults!$L:$L,I9) -> 3828.6379
A10: =B10&"|"&F10&"|"&C10&"|"&D10&"|"&E10 -> CN|NewCapacity|RE1|PWRSOLRTP|2029 | B10: CN | C10: RE1 | D10: PWRSOLRTP | E10: 2029 | F10: NewCapacity | G10: EmploymentConstructionManufacturingDirect | H10: Construction&Manufacturing | I10: Direct | J10: =SUMIFS(RawResultsLong!$P:$P,RawResultsLong!$A:$A,A10) -> 17.82 | K10: =J10*1000/31.5576 -> 564.68172 | L10: =SUMIFS(EmploymentResults!$V:$V,EmploymentResults!$D:$D,B10,EmploymentResults!$F:$F,C10,EmploymentResults!$G:$G,D10,EmploymentResults!$H:$H,E10,EmploymentResults!$J:$J,G10,EmploymentResults!$K:$K,H10,EmploymentResults!$L:$L,I10) -> 3905.6306
A11: =B11&"|"&F11&"|"&C11&"|"&D11&"|"&E11 -> CN|NewCapacity|RE1|PWRSOLRTP|2030 | B11: CN | C11: RE1 | D11: PWRSOLRTP | E11: 2030 | F11: NewCapacity | G11: EmploymentConstructionManufacturingDirect | H11: Construction&Manufacturing | I11: Direct | J11: =SUMIFS(RawResultsLong!$P:$P,RawResultsLong!$A:$A,A11) -> 18.1 | K11: =J11*1000/31.5576 -> 573.55439 | L11: =SUMIFS(EmploymentResults!$V:$V,EmploymentResults!$D:$D,B11,EmploymentResults!$F:$F,C11,EmploymentResults!$G:$G,D11,EmploymentResults!$H:$H,E11,EmploymentResults!$J:$J,G11,EmploymentResults!$K:$K,H11,EmploymentResults!$L:$L,I11) -> 3690.3752
A12: =B12&"|"&F12&"|"&C12&"|"&D12&"|"&E12 -> CN|NewCapacity|RE1|PWRSOLRTP|2031 | B12: CN | C12: RE1 | D12: PWRSOLRTP | E12: 2031 | F12: NewCapacity | G12: EmploymentConstructionManufacturingDirect | H12: Construction&Manufacturing | I12: Direct | J12: =SUMIFS(RawResultsLong!$P:$P,RawResultsLong!$A:$A,A12) -> 17.63 | K12: =J12*1000/31.5576 -> 558.66099 | L12: =SUMIFS(EmploymentResults!$V:$V,EmploymentResults!$D:$D,B12,EmploymentResults!$F:$F,C12,EmploymentResults!$G:$G,D12,EmploymentResults!$H:$H,E12,EmploymentResults!$J:$J,G12,EmploymentResults!$K:$K,H12,EmploymentResults!$L:$L,I12) -> 3535.5068
A13: =B13&"|"&F13&"|"&C13&"|"&D13&"|"&E13 -> CN|NewCapacity|RE1|PWRSOLRTP|2032 | B13: CN | C13: RE1 | D13: PWRSOLRTP | E13: 2032 | F13: NewCapacity | G13: EmploymentConstructionManufacturingDirect | H13: Construction&Manufacturing | I13: Direct | J13: =SUMIFS(RawResultsLong!$P:$P,RawResultsLong!$A:$A,A13) -> 15.79 | K13: =J13*1000/31.5576 -> 500.35491 | L13: =SUMIFS(EmploymentResults!$V:$V,EmploymentResults!$D:$D,B13,EmploymentResults!$F:$F,C13,EmploymentResults!$G:$G,D13,EmploymentResults!$H:$H,E13,EmploymentResults!$J:$J,G13,EmploymentResults!$K:$K,H13,EmploymentResults!$L:$L,I13) -> 3113.6356
... A878: =B878&"|"&F878&"|"&C878&"|"&D878&"|"&E878 -> PD|AccumulatedNewCapacity|RE1|PWRWNDONS|2055 | B878: PD | C878: RE1 | D878: PWRWNDONS | E878: 2055 | F878: AccumulatedNewCapacity | G878: EmploymentOMDirect | H878: O&M | I878: Direct | J878: =SUMIFS(RawResultsLong!$P:$P,RawResultsLong!$A:$A,A878) -> 621.59432 | K878: =J878*1000/31.5576 -> 19697.135 | L878: =SUMIFS(EmploymentResults!$V:$V,EmploymentResults!$D:$D,B878,EmploymentResults!$F:$F,C878,EmploymentResults!$G:$G,D878,EmploymentResults!$H:$H,E878,EmploymentResults!$J:$J,G878,EmploymentResults!$K:$K,H878,EmploymentResults!$L:$L,I878) -> 530.52868

Sheet EmploymentResults
A1: raw_lookup_key | B1: factor_lookup_key | C1: mapping_lookup_key | D1: scenario | E1: source_file | F1: region | G1: technology | H1: year | I1: variable_name | J1: employment_variable | K1: factor_type | L1: job_type | M1: value_pj_per_year | N1: capacity_mw | O1: employment_technology | P1: component_multiplier | Q1: component_capacity_mw | R1: factor_value | S1: factor_unit | T1: factor_source | U1: default_source | V1: employment_fte | W1: mapping_note
A2: =D2&"|"&I2&"|"&F2&"|"&G2&"|"&H2 -> PD|AccumulatedNewCapacity|RE1|PWRSOLUGE|2025 | B2: =O2&"|"&H2&"|"&K2&"|"&L2 -> Utility-scale solar PV|2025|O&M|Direct | C2: =G2&"|"&O2 -> PWRSOLUGE|Utility-scale solar PV | D2: PD | E2: simulation_328_results_filtered_PD.xlsx | F2: RE1 | G2: PWRSOLUGE | H2: 2025 | I2: AccumulatedNewCapacity | J2: EmploymentOMDirect | K2: O&M | L2: Direct | M2: =SUMIFS(RawResultsLong!$P:$P,RawResultsLong!$A:$A,A2) -> 6.717168 | N2: =M2*1000/31.5576 -> 212.85421 | O2: Utility-scale solar PV | P2: =SUMIFS(TechnologyMapping!$D:$D,TechnologyMapping!$A:$A,C2) -> 1 | Q2: =N2*P2 -> 212.85421 | R2: =SUMIFS(FactorInputs!$I:$I,FactorInputs!$A:$A,B2) -> 0.094109234 | S2: =_xlfn.XLOOKUP(B2,FactorInputs!$A$2:$A$888,FactorInputs!$F$2:$F$888,"") -> job/MW | T2: =_xlfn.XLOOKUP(B2,FactorInputs!$A$2:$A$888,FactorInputs!$B$2:$B$888,"") -> I-JEDI | U2: =_xlfn.XLOOKUP(B2,FactorInputs!$A$2:$A$888,FactorInputs!$T$2:$T$888,"") -> I-JEDI | V2: =Q2*R2 -> 20.031547
A3: =D3&"|"&I3&"|"&F3&"|"&G3&"|"&H3 -> PD|AccumulatedNewCapacity|RE1|PWRSOLUPE|2025 | B3: =O3&"|"&H3&"|"&K3&"|"&L3 -> Utility-scale solar PV|2025|O&M|Direct | C3: =G3&"|"&O3 -> PWRSOLUPE|Utility-scale solar PV | D3: PD | E3: simulation_328_results_filtered_PD.xlsx | F3: RE1 | G3: PWRSOLUPE | H3: 2025 | I3: AccumulatedNewCapacity | J3: EmploymentOMDirect | K3: O&M | L3: Direct | M3: =SUMIFS(RawResultsLong!$P:$P,RawResultsLong!$A:$A,A3) -> 5.3106624 | N3: =M3*1000/31.5576 -> 168.28474 | O3: Utility-scale solar PV | P3: =SUMIFS(TechnologyMapping!$D:$D,TechnologyMapping!$A:$A,C3) -> 1 | Q3: =N3*P3 -> 168.28474 | R3: =SUMIFS(FactorInputs!$I:$I,FactorInputs!$A:$A,B3) -> 0.094109234 | S3: =_xlfn.XLOOKUP(B3,FactorInputs!$A$2:$A$888,FactorInputs!$F$2:$F$888,"") -> job/MW | T3: =_xlfn.XLOOKUP(B3,FactorInputs!$A$2:$A$888,FactorInputs!$B$2:$B$888,"") -> I-JEDI | U3: =_xlfn.XLOOKUP(B3,FactorInputs!$A$2:$A$888,FactorInputs!$T$2:$T$888,"") -> I-JEDI | V3: =Q3*R3 -> 15.837148 | W3: Small-scale solar parks mapped to the available utility-scale solar PV factor.
A4: =D4&"|"&I4&"|"&F4&"|"&G4&"|"&H4 -> PD|AccumulatedNewCapacity|RE1|PWRWNDONS|2025 | B4: =O4&"|"&H4&"|"&K4&"|"&L4 -> Onshore wind|2025|O&M|Direct | C4: =G4&"|"&O4 -> PWRWNDONS|Onshore wind | D4: PD | E4: simulation_328_results_filtered_PD.xlsx | F4: RE1 | G4: PWRWNDONS | H4: 2025 | I4: AccumulatedNewCapacity | J4: EmploymentOMDirect | K4: O&M | L4: Direct | M4: =SUMIFS(RawResultsLong!$P:$P,RawResultsLong!$A:$A,A4) -> 0.15362331 | N4: =M4*1000/31.5576 -> 4.8680291 | O4: Onshore wind | P4: =SUMIFS(TechnologyMapping!$D:$D,TechnologyMapping!$A:$A,C4) -> 1 | Q4: =N4*P4 -> 4.8680291 | R4: =SUMIFS(FactorInputs!$I:$I,FactorInputs!$A:$A,B4) -> 0.029744526 | S4: =_xlfn.XLOOKUP(B4,FactorInputs!$A$2:$A$888,FactorInputs!$F$2:$F$888,"") -> job/MW | T4: =_xlfn.XLOOKUP(B4,FactorInputs!$A$2:$A$888,FactorInputs!$B$2:$B$888,"") -> I-JEDI | U4: =_xlfn.XLOOKUP(B4,FactorInputs!$A$2:$A$888,FactorInputs!$T$2:$T$888,"") -> I-JEDI | V4: =Q4*R4 -> 0.14479722
A5: =D5&"|"&I5&"|"&F5&"|"&G5&"|"&H5 -> PD|NewCapacity|RE1|PWRSOLUGE|2025 | B5: =O5&"|"&H5&"|"&K5&"|"&L5 -> Utility-scale solar PV|2025|Construction&Manufacturing|Direct | C5: =G5&"|"&O5 -> PWRSOLUGE|Utility-scale solar PV | D5: PD | E5: simulation_328_results_filtered_PD.xlsx | F5: RE1 | G5: PWRSOLUGE | H5: 2025 | I5: NewCapacity | J5: EmploymentConstructionManufacturingDirect | K5: Construction&Manufacturing | L5: Direct | M5: =SUMIFS(RawResultsLong!$P:$P,RawResultsLong!$A:$A,A5) -> 6.717168 | N5: =M5*1000/31.5576 -> 212.85421 | O5: Utility-scale solar PV | P5: =SUMIFS(TechnologyMapping!$D:$D,TechnologyMapping!$A:$A,C5) -> 1 | Q5: =N5*P5 -> 212.85421 | R5: =SUMIFS(FactorInputs!$I:$I,FactorInputs!$A:$A,B5) -> 9.4551514 | S5: =_xlfn.XLOOKUP(B5,FactorInputs!$A$2:$A$888,FactorInputs!$F$2:$F$888,"") -> job-yr/MW | T5: =_xlfn.XLOOKUP(B5,FactorInputs!$A$2:$A$888,FactorInputs!$B$2:$B$888,"") -> I-JEDI | U5: =_xlfn.XLOOKUP(B5,FactorInputs!$A$2:$A$888,FactorInputs!$T$2:$T$888,"") -> I-JEDI | V5: =Q5*R5 -> 2012.5688
A6: =D6&"|"&I6&"|"&F6&"|"&G6&"|"&H6 -> PD|NewCapacity|RE1|PWRSOLUPE|2025 | B6: =O6&"|"&H6&"|"&K6&"|"&L6 -> Utility-scale solar PV|2025|Construction&Manufacturing|Direct | C6: =G6&"|"&O6 -> PWRSOLUPE|Utility-scale solar PV | D6: PD | E6: simulation_328_results_filtered_PD.xlsx | F6: RE1 | G6: PWRSOLUPE | H6: 2025 | I6: NewCapacity | J6: EmploymentConstructionManufacturingDirect | K6: Construction&Manufacturing | L6: Direct | M6: =SUMIFS(RawResultsLong!$P:$P,RawResultsLong!$A:$A,A6) -> 5.3106624 | N6: =M6*1000/31.5576 -> 168.28474 | O6: Utility-scale solar PV | P6: =SUMIFS(TechnologyMapping!$D:$D,TechnologyMapping!$A:$A,C6) -> 1 | Q6: =N6*P6 -> 168.28474 | R6: =SUMIFS(FactorInputs!$I:$I,FactorInputs!$A:$A,B6) -> 9.4551514 | S6: =_xlfn.XLOOKUP(B6,FactorInputs!$A$2:$A$888,FactorInputs!$F$2:$F$888,"") -> job-yr/MW | T6: =_xlfn.XLOOKUP(B6,FactorInputs!$A$2:$A$888,FactorInputs!$B$2:$B$888,"") -> I-JEDI | U6: =_xlfn.XLOOKUP(B6,FactorInputs!$A$2:$A$888,FactorInputs!$T$2:$T$888,"") -> I-JEDI | V6: =Q6*R6 -> 1591.1577 | W6: Small-scale solar parks mapped to the available utility-scale solar PV factor.
A7: =D7&"|"&I7&"|"&F7&"|"&G7&"|"&H7 -> PD|NewCapacity|RE1|PWRWNDONS|2025 | B7: =O7&"|"&H7&"|"&K7&"|"&L7 -> Onshore wind|2025|Construction&Manufacturing|Direct | C7: =G7&"|"&O7 -> PWRWNDONS|Onshore wind | D7: PD | E7: simulation_328_results_filtered_PD.xlsx | F7: RE1 | G7: PWRWNDONS | H7: 2025 | I7: NewCapacity | J7: EmploymentConstructionManufacturingDirect | K7: Construction&Manufacturing | L7: Direct | M7: =SUMIFS(RawResultsLong!$P:$P,RawResultsLong!$A:$A,A7) -> 0.15362331 | N7: =M7*1000/31.5576 -> 4.8680291 | O7: Onshore wind | P7: =SUMIFS(TechnologyMapping!$D:$D,TechnologyMapping!$A:$A,C7) -> 1 | Q7: =N7*P7 -> 4.8680291 | R7: =SUMIFS(FactorInputs!$I:$I,FactorInputs!$A:$A,B7) -> 7.1854325 | S7: =_xlfn.XLOOKUP(B7,FactorInputs!$A$2:$A$888,FactorInputs!$F$2:$F$888,"") -> job-yr/MW | T7: =_xlfn.XLOOKUP(B7,FactorInputs!$A$2:$A$888,FactorInputs!$B$2:$B$888,"") -> I-JEDI | U7: =_xlfn.XLOOKUP(B7,FactorInputs!$A$2:$A$888,FactorInputs!$T$2:$T$888,"") -> I-JEDI | V7: =Q7*R7 -> 34.978894
A8: =D8&"|"&I8&"|"&F8&"|"&G8&"|"&H8 -> PD|AccumulatedNewCapacity|RE1|PWRSOLRTP|2026 | B8: =O8&"|"&H8&"|"&K8&"|"&L8 -> Rooftop solar PV|2026|O&M|Direct | C8: =G8&"|"&O8 -> PWRSOLRTP|Rooftop solar PV | D8: PD | E8: simulation_328_results_filtered_PD.xlsx | F8: RE1 | G8: PWRSOLRTP | H8: 2026 | I8: AccumulatedNewCapacity | J8: EmploymentOMDirect | K8: O&M | L8: Direct | M8: =SUMIFS(RawResultsLong!$P:$P,RawResultsLong!$A:$A,A8) -> 7.9387888 | N8: =M8*1000/31.5576 -> 251.56504 | O8: Rooftop solar PV | P8: =SUMIFS(TechnologyMapping!$D:$D,TechnologyMapping!$A:$A,C8) -> 1 | Q8: =N8*P8 -> 251.56504 | R8: =SUMIFS(FactorInputs!$I:$I,FactorInputs!$A:$A,B8) -> 0.28588235 | S8: =_xlfn.XLOOKUP(B8,FactorInputs!$A$2:$A$888,FactorInputs!$F$2:$F$888,"") -> job/MW | T8: =_xlfn.XLOOKUP(B8,FactorInputs!$A$2:$A$888,FactorInputs!$B$2:$B$888,"") -> JEDI-US | U8: =_xlfn.XLOOKUP(B8,FactorInputs!$A$2:$A$888,FactorInputs!$T$2:$T$888,"") -> JEDI-US | V8: =Q8*R8 -> 71.918005
A9: =D9&"|"&I9&"|"&F9&"|"&G9&"|"&H9 -> PD|AccumulatedNewCapacity|RE1|PWRSOLUGE|2026 | B9: =O9&"|"&H9&"|"&K9&"|"&L9 -> Utility-scale solar PV|2026|O&M|Direct | C9: =G9&"|"&O9 -> PWRSOLUGE|Utility-scale solar PV | D9: PD | E9: simulation_328_results_filtered_PD.xlsx | F9: RE1 | G9: PWRSOLUGE | H9: 2026 | I9: AccumulatedNewCapacity | J9: EmploymentOMDirect | K9: O&M | L9: Direct | M9: =SUMIFS(RawResultsLong!$P:$P,RawResultsLong!$A:$A,A9) -> 62.504352 | N9: =M9*1000/31.5576 -> 1980.6434 | O9: Utility-scale solar PV | P9: =SUMIFS(TechnologyMapping!$D:$D,TechnologyMapping!$A:$A,C9) -> 1 | Q9: =N9*P9 -> 1980.6434 | R9: =SUMIFS(FactorInputs!$I:$I,FactorInputs!$A:$A,B9) -> 0.091718468 | S9: =_xlfn.XLOOKUP(B9,FactorInputs!$A$2:$A$888,FactorInputs!$F$2:$F$888,"") -> job/MW | T9: =_xlfn.XLOOKUP(B9,FactorInputs!$A$2:$A$888,FactorInputs!$B$2:$B$888,"") -> I-JEDI | U9: =_xlfn.XLOOKUP(B9,FactorInputs!$A$2:$A$888,FactorInputs!$T$2:$T$888,"") -> I-JEDI | V9: =Q9*R9 -> 181.66158
A10: =D10&"|"&I10&"|"&F10&"|"&G10&"|"&H10 -> PD|AccumulatedNewCapacity|RE1|PWRSOLUPE|2026 | B10: =O10&"|"&H10&"|"&K10&"|"&L10 -> Utility-scale solar PV|2026|O&M|Direct | C10: =G10&"|"&O10 -> PWRSOLUPE|Utility-scale solar PV | D10: PD | E10: simulation_328_results_filtered_PD.xlsx | F10: RE1 | G10: PWRSOLUPE | H10: 2026 | I10: AccumulatedNewCapacity | J10: EmploymentOMDirect | K10: O&M | L10: Direct | M10: =SUMIFS(RawResultsLong!$P:$P,RawResultsLong!$A:$A,A10) -> 8.6752382 | N10: =M10*1000/31.5576 -> 274.90171 | O10: Utility-scale solar PV | P10: =SUMIFS(TechnologyMapping!$D:$D,TechnologyMapping!$A:$A,C10) -> 1 | Q10: =N10*P10 -> 274.90171 | R10: =SUMIFS(FactorInputs!$I:$I,FactorInputs!$A:$A,B10) -> 0.091718468 | S10: =_xlfn.XLOOKUP(B10,FactorInputs!$A$2:$A$888,FactorInputs!$F$2:$F$888,"") -> job/MW | T10: =_xlfn.XLOOKUP(B10,FactorInputs!$A$2:$A$888,FactorInputs!$B$2:$B$888,"") -> I-JEDI | U10: =_xlfn.XLOOKUP(B10,FactorInputs!$A$2:$A$888,FactorInputs!$T$2:$T$888,"") -> I-JEDI | V10: =Q10*R10 -> 25.213564 | W10: Small-scale solar parks mapped to the available utility-scale solar PV factor.
A11: =D11&"|"&I11&"|"&F11&"|"&G11&"|"&H11 -> PD|AccumulatedNewCapacity|RE1|PWRWNDONS|2026 | B11: =O11&"|"&H11&"|"&K11&"|"&L11 -> Onshore wind|2026|O&M|Direct | C11: =G11&"|"&O11 -> PWRWNDONS|Onshore wind | D11: PD | E11: simulation_328_results_filtered_PD.xlsx | F11: RE1 | G11: PWRWNDONS | H11: 2026 | I11: AccumulatedNewCapacity | J11: EmploymentOMDirect | K11: O&M | L11: Direct | M11: =SUMIFS(RawResultsLong!$P:$P,RawResultsLong!$A:$A,A11) -> 0.15362331 | N11: =M11*1000/31.5576 -> 4.8680291 | O11: Onshore wind | P11: =SUMIFS(TechnologyMapping!$D:$D,TechnologyMapping!$A:$A,C11) -> 1 | Q11: =N11*P11 -> 4.8680291 | R11: =SUMIFS(FactorInputs!$I:$I,FactorInputs!$A:$A,B11) -> 0.029489051 | S11: =_xlfn.XLOOKUP(B11,FactorInputs!$A$2:$A$888,FactorInputs!$F$2:$F$888,"") -> job/MW | T11: =_xlfn.XLOOKUP(B11,FactorInputs!$A$2:$A$888,FactorInputs!$B$2:$B$888,"") -> I-JEDI | U11: =_xlfn.XLOOKUP(B11,FactorInputs!$A$2:$A$888,FactorInputs!$T$2:$T$888,"") -> I-JEDI | V11: =Q11*R11 -> 0.14355356
A12: =D12&"|"&I12&"|"&F12&"|"&G12&"|"&H12 -> PD|NewCapacity|RE1|PWRSOLRTP|2026 | B12: =O12&"|"&H12&"|"&K12&"|"&L12 -> Rooftop solar PV|2026|Construction&Manufacturing|Direct | C12: =G12&"|"&O12 -> PWRSOLRTP|Rooftop solar PV | D12: PD | E12: simulation_328_results_filtered_PD.xlsx | F12: RE1 | G12: PWRSOLRTP | H12: 2026 | I12: NewCapacity | J12: EmploymentConstructionManufacturingDirect | K12: Construction&Manufacturing | L12: Direct | M12: =SUMIFS(RawResultsLong!$P:$P,RawResultsLong!$A:$A,A12) -> 7.9387888 | N12: =M12*1000/31.5576 -> 251.56504 | O12: Rooftop solar PV | P12: =SUMIFS(TechnologyMapping!$D:$D,TechnologyMapping!$A:$A,C12) -> 1 | Q12: =N12*P12 -> 251.56504 | R12: =SUMIFS(FactorInputs!$I:$I,FactorInputs!$A:$A,B12) -> 8.3634067 | S12: =_xlfn.XLOOKUP(B12,FactorInputs!$A$2:$A$888,FactorInputs!$F$2:$F$888,"") -> job-yr/MW | T12: =_xlfn.XLOOKUP(B12,FactorInputs!$A$2:$A$888,FactorInputs!$B$2:$B$888,"") -> JEDI-US | U12: =_xlfn.XLOOKUP(B12,FactorInputs!$A$2:$A$888,FactorInputs!$T$2:$T$888,"") -> JEDI-US | V12: =Q12*R12 -> 2103.9407
A13: =D13&"|"&I13&"|"&F13&"|"&G13&"|"&H13 -> PD|NewCapacity|RE1|PWRSOLUGE|2026 | B13: =O13&"|"&H13&"|"&K13&"|"&L13 -> Utility-scale solar PV|2026|Construction&Manufacturing|Direct | C13: =G13&"|"&O13 -> PWRSOLUGE|Utility-scale solar PV | D13: PD | E13: simulation_328_results_filtered_PD.xlsx | F13: RE1 | G13: PWRSOLUGE | H13: 2026 | I13: NewCapacity | J13: EmploymentConstructionManufacturingDirect | K13: Construction&Manufacturing | L13: Direct | M13: =SUMIFS(RawResultsLong!$P:$P,RawResultsLong!$A:$A,A13) -> 55.787184 | N13: =M13*1000/31.5576 -> 1767.7892 | O13: Utility-scale solar PV | P13: =SUMIFS(TechnologyMapping!$D:$D,TechnologyMapping!$A:$A,C13) -> 1 | Q13: =N13*P13 -> 1767.7892 | R13: =SUMIFS(FactorInputs!$I:$I,FactorInputs!$A:$A,B13) -> 8.9403029 | S13: =_xlfn.XLOOKUP(B13,FactorInputs!$A$2:$A$888,FactorInputs!$F$2:$F$888,"") -> job-yr/MW | T13: =_xlfn.XLOOKUP(B13,FactorInputs!$A$2:$A$888,FactorInputs!$B$2:$B$888,"") -> I-JEDI | U13: =_xlfn.XLOOKUP(B13,FactorInputs!$A$2:$A$888,FactorInputs!$T$2:$T$888,"") -> I-JEDI | V13: =Q13*R13 -> 15804.571
A14: =D14&"|"&I14&"|"&F14&"|"&G14&"|"&H14 -> PD|NewCapacity|RE1|PWRSOLUPE|2026 | B14: =O14&"|"&H14&"|"&K14&"|"&L14 -> Utility-scale solar PV|2026|Construction&Manufacturing|Direct | C14: =G14&"|"&O14 -> PWRSOLUPE|Utility-scale solar PV | D14: PD | E14: simulation_328_results_filtered_PD.xlsx | F14: RE1 | G14: PWRSOLUPE | H14: 2026 | I14: NewCapacity | J14: EmploymentConstructionManufacturingDirect | K14: Construction&Manufacturing | L14: Direct | M14: =SUMIFS(RawResultsLong!$P:$P,RawResultsLong!$A:$A,A14) -> 3.3645758 | N14: =M14*1000/31.5576 -> 106.61697 | O14: Utility-scale solar PV | P14: =SUMIFS(TechnologyMapping!$D:$D,TechnologyMapping!$A:$A,C14) -> 1 | Q14: =N14*P14 -> 106.61697 | R14: =SUMIFS(FactorInputs!$I:$I,FactorInputs!$A:$A,B14) -> 8.9403029 | S14: =_xlfn.XLOOKUP(B14,FactorInputs!$A$2:$A$888,FactorInputs!$F$2:$F$888,"") -> job-yr/MW | T14: =_xlfn.XLOOKUP(B14,FactorInputs!$A$2:$A$888,FactorInputs!$B$2:$B$888,"") -> I-JEDI | U14: =_xlfn.XLOOKUP(B14,FactorInputs!$A$2:$A$888,FactorInputs!$T$2:$T$888,"") -> I-JEDI | V14: =Q14*R14 -> 953.18804 | W14: Small-scale solar parks mapped to the available utility-scale solar PV factor.
A15: =D15&"|"&I15&"|"&F15&"|"&G15&"|"&H15 -> PD|AccumulatedNewCapacity|RE1|PWRSOLRTP|2027 | B15: =O15&"|"&H15&"|"&K15&"|"&L15 -> Rooftop solar PV|2027|O&M|Direct | C15: =G15&"|"&O15 -> PWRSOLRTP|Rooftop solar PV | D15: PD | E15: simulation_328_results_filtered_PD.xlsx | F15: RE1 | G15: PWRSOLRTP | H15: 2027 | I15: AccumulatedNewCapacity | J15: EmploymentOMDirect | K15: O&M | L15: Direct | M15: =SUMIFS(RawResultsLong!$P:$P,RawResultsLong!$A:$A,A15) -> 18.718751 | N15: =M15*1000/31.5576 -> 593.16142 | O15: Rooftop solar PV | P15: =SUMIFS(TechnologyMapping!$D:$D,TechnologyMapping!$A:$A,C15) -> 1 | Q15: =N15*P15 -> 593.16142 | R15: =SUMIFS(FactorInputs!$I:$I,FactorInputs!$A:$A,B15) -> 0.27882353 | S15: =_xlfn.XLOOKUP(B15,FactorInputs!$A$2:$A$888,FactorInputs!$F$2:$F$888,"") -> job/MW | T15: =_xlfn.XLOOKUP(B15,FactorInputs!$A$2:$A$888,FactorInputs!$B$2:$B$888,"") -> JEDI-US | U15: =_xlfn.XLOOKUP(B15,FactorInputs!$A$2:$A$888,FactorInputs!$T$2:$T$888,"") -> JEDI-US | V15: =Q15*R15 -> 165.38736
A16: =D16&"|"&I16&"|"&F16&"|"&G16&"|"&H16 -> PD|AccumulatedNewCapacity|RE1|PWRSOLUGE|2027 | B16: =O16&"|"&H16&"|"&K16&"|"&L16 -> Utility-scale solar PV|2027|O&M|Direct | C16: =G16&"|"&O16 -> PWRSOLUGE|Utility-scale solar PV | D16: PD | E16: simulation_328_results_filtered_PD.xlsx | F16: RE1 | G16: PWRSOLUGE | H16: 2027 | I16: AccumulatedNewCapacity | J16: EmploymentOMDirect | K16: O&M | L16: Direct | M16: =SUMIFS(RawResultsLong!$P:$P,RawResultsLong!$A:$A,A16) -> 135.51019 | N16: =M16*1000/31.5576 -> 4294.0589 | O16: Utility-scale solar PV | P16: =SUMIFS(TechnologyMapping!$D:$D,TechnologyMapping!$A:$A,C16) -> 1 | Q16: =N16*P16 -> 4294.0589 | R16: =SUMIFS(FactorInputs!$I:$I,FactorInputs!$A:$A,B16) -> 0.089327703 | S16: =_xlfn.XLOOKUP(B16,FactorInputs!$A$2:$A$888,FactorInputs!$F$2:$F$888,"") -> job/MW | T16: =_xlfn.XLOOKUP(B16,FactorInputs!$A$2:$A$888,FactorInputs!$B$2:$B$888,"") -> I-JEDI | U16: =_xlfn.XLOOKUP(B16,FactorInputs!$A$2:$A$888,FactorInputs!$T$2:$T$888,"") -> I-JEDI | V16: =Q16*R16 -> 383.57841
A17: =D17&"|"&I17&"|"&F17&"|"&G17&"|"&H17 -> PD|AccumulatedNewCapacity|RE1|PWRSOLUPE|2027 | B17: =O17&"|"&H17&"|"&K17&"|"&L17 -> Utility-scale solar PV|2027|O&M|Direct | C17: =G17&"|"&O17 -> PWRSOLUPE|Utility-scale solar PV | D17: PD | E17: simulation_328_results_filtered_PD.xlsx | F17: RE1 | G17: PWRSOLUPE | H17: 2027 | I17: AccumulatedNewCapacity | J17: EmploymentOMDirect | K17: O&M | L17: Direct | M17: =SUMIFS(RawResultsLong!$P:$P,RawResultsLong!$A:$A,A17) -> 12.144198 | N17: =M17*1000/31.5576 -> 384.82642 | O17: Utility-scale solar PV | P17: =SUMIFS(TechnologyMapping!$D:$D,TechnologyMapping!$A:$A,C17) -> 1 | Q17: =N17*P17 -> 384.82642 | R17: =SUMIFS(FactorInputs!$I:$I,FactorInputs!$A:$A,B17) -> 0.089327703 | S17: =_xlfn.XLOOKUP(B17,FactorInputs!$A$2:$A$888,FactorInputs!$F$2:$F$888,"") -> job/MW | T17: =_xlfn.XLOOKUP(B17,FactorInputs!$A$2:$A$888,FactorInputs!$B$2:$B$888,"") -> I-JEDI | U17: =_xlfn.XLOOKUP(B17,FactorInputs!$A$2:$A$888,FactorInputs!$T$2:$T$888,"") -> I-JEDI | V17: =Q17*R17 -> 34.37566 | W17: Small-scale solar parks mapped to the available utility-scale solar PV factor.
A18: =D18&"|"&I18&"|"&F18&"|"&G18&"|"&H18 -> PD|AccumulatedNewCapacity|RE1|PWRWNDONS|2027 | B18: =O18&"|"&H18&"|"&K18&"|"&L18 -> Onshore wind|2027|O&M|Direct | C18: =G18&"|"&O18 -> PWRWNDONS|Onshore wind | D18: PD | E18: simulation_328_results_filtered_PD.xlsx | F18: RE1 | G18: PWRWNDONS | H18: 2027 | I18: AccumulatedNewCapacity | J18: EmploymentOMDirect | K18: O&M | L18: Direct | M18: =SUMIFS(RawResultsLong!$P:$P,RawResultsLong!$A:$A,A18) -> 17.466887 | N18: =M18*1000/31.5576 -> 553.49226 | O18: Onshore wind | P18: =SUMIFS(TechnologyMapping!$D:$D,TechnologyMapping!$A:$A,C18) -> 1 | Q18: =N18*P18 -> 553.49226 | R18: =SUMIFS(FactorInputs!$I:$I,FactorInputs!$A:$A,B18) -> 0.029233577 | S18: =_xlfn.XLOOKUP(B18,FactorInputs!$A$2:$A$888,FactorInputs!$F$2:$F$888,"") -> job/MW | T18: =_xlfn.XLOOKUP(B18,FactorInputs!$A$2:$A$888,FactorInputs!$B$2:$B$888,"") -> I-JEDI | U18: =_xlfn.XLOOKUP(B18,FactorInputs!$A$2:$A$888,FactorInputs!$T$2:$T$888,"") -> I-JEDI | V18: =Q18*R18 -> 16.180558
A19: =D19&"|"&I19&"|"&F19&"|"&G19&"|"&H19 -> PD|NewCapacity|RE1|PWRSOLRTP|2027 | B19: =O19&"|"&H19&"|"&K19&"|"&L19 -> Rooftop solar PV|2027|Construction&Manufacturing|Direct | C19: =G19&"|"&O19 -> PWRSOLRTP|Rooftop solar PV | D19: PD | E19: simulation_328_results_filtered_PD.xlsx | F19: RE1 | G19: PWRSOLRTP | H19: 2027 | I19: NewCapacity | J19: EmploymentConstructionManufacturingDirect | K19: Construction&Manufacturing | L19: Direct | M19: =SUMIFS(RawResultsLong!$P:$P,RawResultsLong!$A:$A,A19) -> 10.779962 | N19: =M19*1000/31.5576 -> 341.59638 | O19: Rooftop solar PV | P19: =SUMIFS(TechnologyMapping!$D:$D,TechnologyMapping!$A:$A,C19) -> 1 | Q19: =N19*P19 -> 341.59638 | R19: =SUMIFS(FactorInputs!$I:$I,FactorInputs!$A:$A,B19) -> 7.88111 | S19: =_xlfn.XLOOKUP(B19,FactorInputs!$A$2:$A$888,FactorInputs!$F$2:$F$888,"") -> job-yr/MW | T19: =_xlfn.XLOOKUP(B19,FactorInputs!$A$2:$A$888,FactorInputs!$B$2:$B$888,"") -> JEDI-US | U19: =_xlfn.XLOOKUP(B19,FactorInputs!$A$2:$A$888,FactorInputs!$T$2:$T$888,"") -> JEDI-US | V19: =Q19*R19 -> 2692.1587
A20: =D20&"|"&I20&"|"&F20&"|"&G20&"|"&H20 -> PD|NewCapacity|RE1|PWRSOLUGE|2027 | B20: =O20&"|"&H20&"|"&K20&"|"&L20 -> Utility-scale solar PV|2027|Construction&Manufacturing|Direct | C20: =G20&"|"&O20 -> PWRSOLUGE|Utility-scale solar PV | D20: PD | E20: simulation_328_results_filtered_PD.xlsx | F20: RE1 | G20: PWRSOLUGE | H20: 2027 | I20: NewCapacity | J20: EmploymentConstructionManufacturingDirect | K20: Construction&Manufacturing | L20: Direct | M20: =SUMIFS(RawResultsLong!$P:$P,RawResultsLong!$A:$A,A20) -> 73.00584 | N20: =M20*1000/31.5576 -> 2313.4155 | O20: Utility-scale solar PV | P20: =SUMIFS(TechnologyMapping!$D:$D,TechnologyMapping!$A:$A,C20) -> 1 | Q20: =N20*P20 -> 2313.4155 | R20: =SUMIFS(FactorInputs!$I:$I,FactorInputs!$A:$A,B20) -> 8.4254543 | S20: =_xlfn.XLOOKUP(B20,FactorInputs!$A$2:$A$888,FactorInputs!$F$2:$F$888,"") -> job-yr/MW | T20: =_xlfn.XLOOKUP(B20,FactorInputs!$A$2:$A$888,FactorInputs!$B$2:$B$888,"") -> I-JEDI | U20: =_xlfn.XLOOKUP(B20,FactorInputs!$A$2:$A$888,FactorInputs!$T$2:$T$888,"") -> I-JEDI | V20: =Q20*R20 -> 19491.576
A21: =D21&"|"&I21&"|"&F21&"|"&G21&"|"&H21 -> PD|NewCapacity|RE1|PWRSOLUPE|2027 | B21: =O21&"|"&H21&"|"&K21&"|"&L21 -> Utility-scale solar PV|2027|Construction&Manufacturing|Direct | C21: =G21&"|"&O21 -> PWRSOLUPE|Utility-scale solar PV | D21: PD | E21: simulation_328_results_filtered_PD.xlsx | F21: RE1 | G21: PWRSOLUPE | H21: 2027 | I21: NewCapacity | J21: EmploymentConstructionManufacturingDirect | K21: Construction&Manufacturing | L21: Direct | M21: =SUMIFS(RawResultsLong!$P:$P,RawResultsLong!$A:$A,A21) -> 3.46896 | N21: =M21*1000/31.5576 -> 109.92471 | O21: Utility-scale solar PV | P21: =SUMIFS(TechnologyMapping!$D:$D,TechnologyMapping!$A:$A,C21) -> 1 | Q21: =N21*P21 -> 109.92471 | R21: =SUMIFS(FactorInputs!$I:$I,FactorInputs!$A:$A,B21) -> 8.4254543 | S21: =_xlfn.XLOOKUP(B21,FactorInputs!$A$2:$A$888,FactorInputs!$F$2:$F$888,"") -> job-yr/MW | T21: =_xlfn.XLOOKUP(B21,FactorInputs!$A$2:$A$888,FactorInputs!$B$2:$B$888,"") -> I-JEDI | U21: =_xlfn.XLOOKUP(B21,FactorInputs!$A$2:$A$888,FactorInputs!$T$2:$T$888,"") -> I-JEDI | V21: =Q21*R21 -> 926.16561 | W21: Small-scale solar parks mapped to the available utility-scale solar PV factor.
A22: =D22&"|"&I22&"|"&F22&"|"&G22&"|"&H22 -> PD|NewCapacity|RE1|PWRWNDONS|2027 | B22: =O22&"|"&H22&"|"&K22&"|"&L22 -> Onshore wind|2027|Construction&Manufacturing|Direct | C22: =G22&"|"&O22 -> PWRWNDONS|Onshore wind | D22: PD | E22: simulation_328_results_filtered_PD.xlsx | F22: RE1 | G22: PWRWNDONS | H22: 2027 | I22: NewCapacity | J22: EmploymentConstructionManufacturingDirect | K22: Construction&Manufacturing | L22: Direct | M22: =SUMIFS(RawResultsLong!$P:$P,RawResultsLong!$A:$A,A22) -> 17.313264 | N22: =M22*1000/31.5576 -> 548.62423 | O22: Onshore wind | P22: =SUMIFS(TechnologyMapping!$D:$D,TechnologyMapping!$A:$A,C22) -> 1 | Q22: =N22*P22 -> 548.62423 | R22: =SUMIFS(FactorInputs!$I:$I,FactorInputs!$A:$A,B22) -> 7.0622975 | S22: =_xlfn.XLOOKUP(B22,FactorInputs!$A$2:$A$888,FactorInputs!$F$2:$F$888,"") -> job-yr/MW | T22: =_xlfn.XLOOKUP(B22,FactorInputs!$A$2:$A$888,FactorInputs!$B$2:$B$888,"") -> I-JEDI | U22: =_xlfn.XLOOKUP(B22,FactorInputs!$A$2:$A$888,FactorInputs!$T$2:$T$888,"") -> I-JEDI | V22: =Q22*R22 -> 3874.5475
A23: =D23&"|"&I23&"|"&F23&"|"&G23&"|"&H23 -> PD|AccumulatedNewCapacity|RE1|PWRHYDDAM|2028 | B23: =O23&"|"&H23&"|"&K23&"|"&L23 -> Hydro (large)|2028|O&M|Direct | C23: =G23&"|"&O23 -> PWRHYDDAM|Hydro (large) | D23: PD | E23: simulation_328_results_filtered_PD.xlsx | F23: RE1 | G23: PWRHYDDAM | H23: 2028 | I23: AccumulatedNewCapacity | J23: EmploymentOMDirect | K23: O&M | L23: Direct | M23: =SUMIFS(RawResultsLong!$P:$P,RawResultsLong!$A:$A,A23) -> 37.84 | N23: =M23*1000/31.5576 -> 1199.0772 | O23: Hydro (large) | P23: =SUMIFS(TechnologyMapping!$D:$D,TechnologyMapping!$A:$A,C23) -> 1 | Q23: =N23*P23 -> 1199.0772 | R23: =SUMIFS(FactorInputs!$I:$I,FactorInputs!$A:$A,B23) -> 0.6364 | S23: =_xlfn.XLOOKUP(B23,FactorInputs!$A$2:$A$888,FactorInputs!$F$2:$F$888,"") -> job/MW | T23: =_xlfn.XLOOKUP(B23,FactorInputs!$A$2:$A$888,FactorInputs!$B$2:$B$888,"") -> Rutovitz 2015 | U23: =_xlfn.XLOOKUP(B23,FactorInputs!$A$2:$A$888,FactorInputs!$T$2:$T$888,"") -> Rutovitz 2015 | V23: =Q23*R23 -> 763.09276
A24: =D24&"|"&I24&"|"&F24&"|"&G24&"|"&H24 -> PD|AccumulatedNewCapacity|RE1|PWRSOLRTP|2028 | B24: =O24&"|"&H24&"|"&K24&"|"&L24 -> Rooftop solar PV|2028|O&M|Direct | C24: =G24&"|"&O24 -> PWRSOLRTP|Rooftop solar PV | D24: PD | E24: simulation_328_results_filtered_PD.xlsx | F24: RE1 | G24: PWRSOLRTP | H24: 2028 | I24: AccumulatedNewCapacity | J24: EmploymentOMDirect | K24: O&M | L24: Direct | M24: =SUMIFS(RawResultsLong!$P:$P,RawResultsLong!$A:$A,A24) -> 30.132828 | N24: =M24*1000/31.5576 -> 954.8517 | O24: Rooftop solar PV | P24: =SUMIFS(TechnologyMapping!$D:$D,TechnologyMapping!$A:$A,C24) -> 1 | Q24: =N24*P24 -> 954.8517 | R24: =SUMIFS(FactorInputs!$I:$I,FactorInputs!$A:$A,B24) -> 0.27176471 | S24: =_xlfn.XLOOKUP(B24,FactorInputs!$A$2:$A$888,FactorInputs!$F$2:$F$888,"") -> job/MW | T24: =_xlfn.XLOOKUP(B24,FactorInputs!$A$2:$A$888,FactorInputs!$B$2:$B$888,"") -> JEDI-US | U24: =_xlfn.XLOOKUP(B24,FactorInputs!$A$2:$A$888,FactorInputs!$T$2:$T$888,"") -> JEDI-US | V24: =Q24*R24 -> 259.49499
A25: =D25&"|"&I25&"|"&F25&"|"&G25&"|"&H25 -> PD|AccumulatedNewCapacity|RE1|PWRSOLUGE|2028 | B25: =O25&"|"&H25&"|"&K25&"|"&L25 -> Utility-scale solar PV|2028|O&M|Direct | C25: =G25&"|"&O25 -> PWRSOLUGE|Utility-scale solar PV | D25: PD | E25: simulation_328_results_filtered_PD.xlsx | F25: RE1 | G25: PWRSOLUGE | H25: 2028 | I25: AccumulatedNewCapacity | J25: EmploymentOMDirect | K25: O&M | L25: Direct | M25: =SUMIFS(RawResultsLong!$P:$P,RawResultsLong!$A:$A,A25) -> 135.51019 | N25: =M25*1000/31.5576 -> 4294.0589 | O25: Utility-scale solar PV | P25: =SUMIFS(TechnologyMapping!$D:$D,TechnologyMapping!$A:$A,C25) -> 1 | Q25: =N25*P25 -> 4294.0589 | R25: =SUMIFS(FactorInputs!$I:$I,FactorInputs!$A:$A,B25) -> 0.086936937 | S25: =_xlfn.XLOOKUP(B25,FactorInputs!$A$2:$A$888,FactorInputs!$F$2:$F$888,"") -> job/MW | T25: =_xlfn.XLOOKUP(B25,FactorInputs!$A$2:$A$888,FactorInputs!$B$2:$B$888,"") -> I-JEDI | U25: =_xlfn.XLOOKUP(B25,FactorInputs!$A$2:$A$888,FactorInputs!$T$2:$T$888,"") -> I-JEDI | V25: =Q25*R25 -> 373.31232
A26: =D26&"|"&I26&"|"&F26&"|"&G26&"|"&H26 -> PD|AccumulatedNewCapacity|RE1|PWRSOLUPE|2028 | B26: =O26&"|"&H26&"|"&K26&"|"&L26 -> Utility-scale solar PV|2028|O&M|Direct | C26: =G26&"|"&O26 -> PWRSOLUPE|Utility-scale solar PV | D26: PD | E26: simulation_328_results_filtered_PD.xlsx | F26: RE1 | G26: PWRSOLUPE | H26: 2028 | I26: AccumulatedNewCapacity | J26: EmploymentOMDirect | K26: O&M | L26: Direct | M26: =SUMIFS(RawResultsLong!$P:$P,RawResultsLong!$A:$A,A26) -> 12.144198 | N26: =M26*1000/31.5576 -> 384.82642 | O26: Utility-scale solar PV | P26: =SUMIFS(TechnologyMapping!$D:$D,TechnologyMapping!$A:$A,C26) -> 1 | Q26: =N26*P26 -> 384.82642 | R26: =SUMIFS(FactorInputs!$I:$I,FactorInputs!$A:$A,B26) -> 0.086936937 | S26: =_xlfn.XLOOKUP(B26,FactorInputs!$A$2:$A$888,FactorInputs!$F$2:$F$888,"") -> job/MW | T26: =_xlfn.XLOOKUP(B26,FactorInputs!$A$2:$A$888,FactorInputs!$B$2:$B$888,"") -> I-JEDI | U26: =_xlfn.XLOOKUP(B26,FactorInputs!$A$2:$A$888,FactorInputs!$T$2:$T$888,"") -> I-JEDI | V26: =Q26*R26 -> 33.45563 | W26: Small-scale solar parks mapped to the available utility-scale solar PV factor.
A27: =D27&"|"&I27&"|"&F27&"|"&G27&"|"&H27 -> PD|AccumulatedNewCapacity|RE1|PWRWNDONS|2028 | B27: =O27&"|"&H27&"|"&K27&"|"&L27 -> Onshore wind|2028|O&M|Direct | C27: =G27&"|"&O27 -> PWRWNDONS|Onshore wind | D27: PD | E27: simulation_328_results_filtered_PD.xlsx | F27: RE1 | G27: PWRWNDONS | H27: 2028 | I27: AccumulatedNewCapacity | J27: EmploymentOMDirect | K27: O&M | L27: Direct | M27: =SUMIFS(RawResultsLong!$P:$P,RawResultsLong!$A:$A,A27) -> 23.805623 | N27: =M27*1000/31.5576 -> 754.35468 | O27: Onshore wind | P27: =SUMIFS(TechnologyMapping!$D:$D,TechnologyMapping!$A:$A,C27) -> 1 | Q27: =N27*P27 -> 754.35468 | R27: =SUMIFS(FactorInputs!$I:$I,FactorInputs!$A:$A,B27) -> 0.028978102 | S27: =_xlfn.XLOOKUP(B27,FactorInputs!$A$2:$A$888,FactorInputs!$F$2:$F$888,"") -> job/MW | T27: =_xlfn.XLOOKUP(B27,FactorInputs!$A$2:$A$888,FactorInputs!$B$2:$B$888,"") -> I-JEDI | U27: =_xlfn.XLOOKUP(B27,FactorInputs!$A$2:$A$888,FactorInputs!$T$2:$T$888,"") -> I-JEDI | V27: =Q27*R27 -> 21.859767
A28: =D28&"|"&I28&"|"&F28&"|"&G28&"|"&H28 -> PD|NewCapacity|RE1|PWRHYDDAM|2028 | B28: =O28&"|"&H28&"|"&K28&"|"&L28 -> Hydro (large)|2028|Construction&Manufacturing|Direct | C28: =G28&"|"&O28 -> PWRHYDDAM|Hydro (large) | D28: PD | E28: simulation_328_results_filtered_PD.xlsx | F28: RE1 | G28: PWRHYDDAM | H28: 2028 | I28: NewCapacity | J28: EmploymentConstructionManufacturingDirect | K28: Construction&Manufacturing | L28: Direct | M28: =SUMIFS(RawResultsLong!$P:$P,RawResultsLong!$A:$A,A28) -> 37.84 | N28: =M28*1000/31.5576 -> 1199.0772 | O28: Hydro (large) | P28: =SUMIFS(TechnologyMapping!$D:$D,TechnologyMapping!$A:$A,C28) -> 1 | Q28: =N28*P28 -> 1199.0772 | R28: =SUMIFS(FactorInputs!$I:$I,FactorInputs!$A:$A,B28) -> 11.561267 | S28: =_xlfn.XLOOKUP(B28,FactorInputs!$A$2:$A$888,FactorInputs!$F$2:$F$888,"") -> job-yr/MW | T28: =_xlfn.XLOOKUP(B28,FactorInputs!$A$2:$A$888,FactorInputs!$B$2:$B$888,"") -> Rutovitz 2015 | U28: =_xlfn.XLOOKUP(B28,FactorInputs!$A$2:$A$888,FactorInputs!$T$2:$T$888,"") -> Rutovitz 2015 | V28: =Q28*R28 -> 13862.852
A29: =D29&"|"&I29&"|"&F29&"|"&G29&"|"&H29 -> PD|NewCapacity|RE1|PWRSOLRTP|2028 | B29: =O29&"|"&H29&"|"&K29&"|"&L29 -> Rooftop solar PV|2028|Construction&Manufacturing|Direct | C29: =G29&"|"&O29 -> PWRSOLRTP|Rooftop solar PV | D29: PD | E29: simulation_328_results_filtered_PD.xlsx | F29: RE1 | G29: PWRSOLRTP | H29: 2028 | I29: NewCapacity | J29: EmploymentConstructionManufacturingDirect | K29: Construction&Manufacturing | L29: Direct | M29: =SUMIFS(RawResultsLong!$P:$P,RawResultsLong!$A:$A,A29) -> 11.414077 | N29: =M29*1000/31.5576 -> 361.69029 | O29: Rooftop solar PV | P29: =SUMIFS(TechnologyMapping!$D:$D,TechnologyMapping!$A:$A,C29) -> 1 | Q29: =N29*P29 -> 361.69029 | R29: =SUMIFS(FactorInputs!$I:$I,FactorInputs!$A:$A,B29) -> 7.3988134 | S29: =_xlfn.XLOOKUP(B29,FactorInputs!$A$2:$A$888,FactorInputs!$F$2:$F$888,"") -> job-yr/MW | T29: =_xlfn.XLOOKUP(B29,FactorInputs!$A$2:$A$888,FactorInputs!$B$2:$B$888,"") -> JEDI-US | U29: =_xlfn.XLOOKUP(B29,FactorInputs!$A$2:$A$888,FactorInputs!$T$2:$T$888,"") -> JEDI-US | V29: =Q29*R29 -> 2676.0789
A30: =D30&"|"&I30&"|"&F30&"|"&G30&"|"&H30 -> PD|NewCapacity|RE1|PWRWNDONS|2028 | B30: =O30&"|"&H30&"|"&K30&"|"&L30 -> Onshore wind|2028|Construction&Manufacturing|Direct | C30: =G30&"|"&O30 -> PWRWNDONS|Onshore wind | D30: PD | E30: simulation_328_results_filtered_PD.xlsx | F30: RE1 | G30: PWRWNDONS | H30: 2028 | I30: NewCapacity | J30: EmploymentConstructionManufacturingDirect | K30: Construction&Manufacturing | L30: Direct | M30: =SUMIFS(RawResultsLong!$P:$P,RawResultsLong!$A:$A,A30) -> 6.338736 | N30: =M30*1000/31.5576 -> 200.86242 | O30: Onshore wind | P30: =SUMIFS(TechnologyMapping!$D:$D,TechnologyMapping!$A:$A,C30) -> 1 | Q30: =N30*P30 -> 200.86242 | R30: =SUMIFS(FactorInputs!$I:$I,FactorInputs!$A:$A,B30) -> 7.00073 | S30: =_xlfn.XLOOKUP(B30,FactorInputs!$A$2:$A$888,FactorInputs!$F$2:$F$888,"") -> job-yr/MW | T30: =_xlfn.XLOOKUP(B30,FactorInputs!$A$2:$A$888,FactorInputs!$B$2:$B$888,"") -> I-JEDI | U30: =_xlfn.XLOOKUP(B30,FactorInputs!$A$2:$A$888,FactorInputs!$T$2:$T$888,"") -> I-JEDI | V30: =Q30*R30 -> 1406.1836
A31: =D31&"|"&I31&"|"&F31&"|"&G31&"|"&H31 -> PD|AccumulatedNewCapacity|RE1|PWRHYDDAM|2029 | B31: =O31&"|"&H31&"|"&K31&"|"&L31 -> Hydro (large)|2029|O&M|Direct | C31: =G31&"|"&O31 -> PWRHYDDAM|Hydro (large) | D31: PD | E31: simulation_328_results_filtered_PD.xlsx | F31: RE1 | G31: PWRHYDDAM | H31: 2029 | I31: AccumulatedNewCapacity | J31: EmploymentOMDirect | K31: O&M | L31: Direct | M31: =SUMIFS(RawResultsLong!$P:$P,RawResultsLong!$A:$A,A31) -> 37.84 | N31: =M31*1000/31.5576 -> 1199.0772 | O31: Hydro (large) | P31: =SUMIFS(TechnologyMapping!$D:$D,TechnologyMapping!$A:$A,C31) -> 1 | Q31: =N31*P31 -> 1199.0772 | R31: =SUMIFS(FactorInputs!$I:$I,FactorInputs!$A:$A,B31) -> 0.6392 | S31: =_xlfn.XLOOKUP(B31,FactorInputs!$A$2:$A$888,FactorInputs!$F$2:$F$888,"") -> job/MW | T31: =_xlfn.XLOOKUP(B31,FactorInputs!$A$2:$A$888,FactorInputs!$B$2:$B$888,"") -> Rutovitz 2015 | U31: =_xlfn.XLOOKUP(B31,FactorInputs!$A$2:$A$888,FactorInputs!$T$2:$T$888,"") -> Rutovitz 2015 | V31: =Q31*R31 -> 766.45017
A32: =D32&"|"&I32&"|"&F32&"|"&G32&"|"&H32 -> PD|AccumulatedNewCapacity|RE1|PWRSOLRTP|2029 | B32: =O32&"|"&H32&"|"&K32&"|"&L32 -> Rooftop solar PV|2029|O&M|Direct | C32: =G32&"|"&O32 -> PWRSOLRTP|Rooftop solar PV | D32: PD | E32: simulation_328_results_filtered_PD.xlsx | F32: RE1 | G32: PWRSOLRTP | H32: 2029 | I32: AccumulatedNewCapacity | J32: EmploymentOMDirect | K32: O&M | L32: Direct | M32: =SUMIFS(RawResultsLong!$P:$P,RawResultsLong!$A:$A,A32) -> 41.388377 | N32: =M32*1000/31.5576 -> 1311.5185 | O32: Rooftop solar PV | P32: =SUMIFS(TechnologyMapping!$D:$D,TechnologyMapping!$A:$A,C32) -> 1 | Q32: =N32*P32 -> 1311.5185 | R32: =SUMIFS(FactorInputs!$I:$I,FactorInputs!$A:$A,B32) -> 0.26470588 | S32: =_xlfn.XLOOKUP(B32,FactorInputs!$A$2:$A$888,FactorInputs!$F$2:$F$888,"") -> job/MW | T32: =_xlfn.XLOOKUP(B32,FactorInputs!$A$2:$A$888,FactorInputs!$B$2:$B$888,"") -> JEDI-US | U32: =_xlfn.XLOOKUP(B32,FactorInputs!$A$2:$A$888,FactorInputs!$T$2:$T$888,"") -> JEDI-US | V32: =Q32*R32 -> 347.16667
A33: =D33&"|"&I33&"|"&F33&"|"&G33&"|"&H33 -> PD|AccumulatedNewCapacity|RE1|PWRSOLUGE|2029 | B33: =O33&"|"&H33&"|"&K33&"|"&L33 -> Utility-scale solar PV|2029|O&M|Direct | C33: =G33&"|"&O33 -> PWRSOLUGE|Utility-scale solar PV | D33: PD | E33: simulation_328_results_filtered_PD.xlsx | F33: RE1 | G33: PWRSOLUGE | H33: 2029 | I33: AccumulatedNewCapacity | J33: EmploymentOMDirect | K33: O&M | L33: Direct | M33: =SUMIFS(RawResultsLong!$P:$P,RawResultsLong!$A:$A,A33) -> 135.51019 | N33: =M33*1000/31.5576 -> 4294.0589 | O33: Utility-scale solar PV | P33: =SUMIFS(TechnologyMapping!$D:$D,TechnologyMapping!$A:$A,C33) -> 1 | Q33: =N33*P33 -> 4294.0589 | R33: =SUMIFS(FactorInputs!$I:$I,FactorInputs!$A:$A,B33) -> 0.084546171 | S33: =_xlfn.XLOOKUP(B33,FactorInputs!$A$2:$A$888,FactorInputs!$F$2:$F$888,"") -> job/MW | T33: =_xlfn.XLOOKUP(B33,FactorInputs!$A$2:$A$888,FactorInputs!$B$2:$B$888,"") -> I-JEDI | U33: =_xlfn.XLOOKUP(B33,FactorInputs!$A$2:$A$888,FactorInputs!$T$2:$T$888,"") -> I-JEDI | V33: =Q33*R33 -> 363.04624
A34: =D34&"|"&I34&"|"&F34&"|"&G34&"|"&H34 -> PD|AccumulatedNewCapacity|RE1|PWRSOLUPE|2029 | B34: =O34&"|"&H34&"|"&K34&"|"&L34 -> Utility-scale solar PV|2029|O&M|Direct | C34: =G34&"|"&O34 -> PWRSOLUPE|Utility-scale solar PV | D34: PD | E34: simulation_328_results_filtered_PD.xlsx | F34: RE1 | G34: PWRSOLUPE | H34: 2029 | I34: AccumulatedNewCapacity | J34: EmploymentOMDirect | K34: O&M | L34: Direct | M34: =SUMIFS(RawResultsLong!$P:$P,RawResultsLong!$A:$A,A34) -> 12.144198 | N34: =M34*1000/31.5576 -> 384.82642 | O34: Utility-scale solar PV | P34: =SUMIFS(TechnologyMapping!$D:$D,TechnologyMapping!$A:$A,C34) -> 1 | Q34: =N34*P34 -> 384.82642 | R34: =SUMIFS(FactorInputs!$I:$I,FactorInputs!$A:$A,B34) -> 0.084546171 | S34: =_xlfn.XLOOKUP(B34,FactorInputs!$A$2:$A$888,FactorInputs!$F$2:$F$888,"") -> job/MW | T34: =_xlfn.XLOOKUP(B34,FactorInputs!$A$2:$A$888,FactorInputs!$B$2:$B$888,"") -> I-JEDI | U34: =_xlfn.XLOOKUP(B34,FactorInputs!$A$2:$A$888,FactorInputs!$T$2:$T$888,"") -> I-JEDI | V34: =Q34*R34 -> 32.5356 | W34: Small-scale solar parks mapped to the available utility-scale solar PV factor.
A35: =D35&"|"&I35&"|"&F35&"|"&G35&"|"&H35 -> PD|AccumulatedNewCapacity|RE1|PWRWNDONS|2029 | B35: =O35&"|"&H35&"|"&K35&"|"&L35 -> Onshore wind|2029|O&M|Direct | C35: =G35&"|"&O35 -> PWRWNDONS|Onshore wind | D35: PD | E35: simulation_328_results_filtered_PD.xlsx | F35: RE1 | G35: PWRWNDONS | H35: 2029 | I35: AccumulatedNewCapacity | J35: EmploymentOMDirect | K35: O&M | L35: Direct | M35: =SUMIFS(RawResultsLong!$P:$P,RawResultsLong!$A:$A,A35) -> 33.266423 | N35: =M35*1000/31.5576 -> 1054.1493 | O35: Onshore wind | P35: =SUMIFS(TechnologyMapping!$D:$D,TechnologyMapping!$A:$A,C35) -> 1 | Q35: =N35*P35 -> 1054.1493 | R35: =SUMIFS(FactorInputs!$I:$I,FactorInputs!$A:$A,B35) -> 0.028722628 | S35: =_xlfn.XLOOKUP(B35,FactorInputs!$A$2:$A$888,FactorInputs!$F$2:$F$888,"") -> job/MW | T35: =_xlfn.XLOOKUP(B35,FactorInputs!$A$2:$A$888,FactorInputs!$B$2:$B$888,"") -> I-JEDI | U35: =_xlfn.XLOOKUP(B35,FactorInputs!$A$2:$A$888,FactorInputs!$T$2:$T$888,"") -> I-JEDI | V35: =Q35*R35 -> 30.277939
A36: =D36&"|"&I36&"|"&F36&"|"&G36&"|"&H36 -> PD|NewCapacity|RE1|PWRSOLRTP|2029 | B36: =O36&"|"&H36&"|"&K36&"|"&L36 -> Rooftop solar PV|2029|Construction&Manufacturing|Direct | C36: =G36&"|"&O36 -> PWRSOLRTP|Rooftop solar PV | D36: PD | E36: simulation_328_results_filtered_PD.xlsx | F36: RE1 | G36: PWRSOLRTP | H36: 2029 | I36: NewCapacity | J36: EmploymentConstructionManufacturingDirect | K36: Construction&Manufacturing | L36: Direct | M36: =SUMIFS(RawResultsLong!$P:$P,RawResultsLong!$A:$A,A36) -> 11.255549 | N36: =M36*1000/31.5576 -> 356.66681 | O36: Rooftop solar PV | P36: =SUMIFS(TechnologyMapping!$D:$D,TechnologyMapping!$A:$A,C36) -> 1 | Q36: =N36*P36 -> 356.66681 | R36: =SUMIFS(FactorInputs!$I:$I,FactorInputs!$A:$A,B36) -> 6.9165167 | S36: =_xlfn.XLOOKUP(B36,FactorInputs!$A$2:$A$888,FactorInputs!$F$2:$F$888,"") -> job-yr/MW | T36: =_xlfn.XLOOKUP(B36,FactorInputs!$A$2:$A$888,FactorInputs!$B$2:$B$888,"") -> JEDI-US | U36: =_xlfn.XLOOKUP(B36,FactorInputs!$A$2:$A$888,FactorInputs!$T$2:$T$888,"") -> JEDI-US | V36: =Q36*R36 -> 2466.892
A37: =D37&"|"&I37&"|"&F37&"|"&G37&"|"&H37 -> PD|NewCapacity|RE1|PWRWNDONS|2029 | B37: =O37&"|"&H37&"|"&K37&"|"&L37 -> Onshore wind|2029|Construction&Manufacturing|Direct | C37: =G37&"|"&O37 -> PWRWNDONS|Onshore wind | D37: PD | E37: simulation_328_results_filtered_PD.xlsx | F37: RE1 | G37: PWRWNDONS | H37: 2029 | I37: NewCapacity | J37: EmploymentConstructionManufacturingDirect | K37: Construction&Manufacturing | L37: Direct | M37: =SUMIFS(RawResultsLong!$P:$P,RawResultsLong!$A:$A,A37) -> 9.4608 | N37: =M37*1000/31.5576 -> 299.79466 | O37: Onshore wind | P37: =SUMIFS(TechnologyMapping!$D:$D,TechnologyMapping!$A:$A,C37) -> 1 | Q37: =N37*P37 -> 299.79466 | R37: =SUMIFS(FactorInputs!$I:$I,FactorInputs!$A:$A,B37) -> 6.9391625 | S37: =_xlfn.XLOOKUP(B37,FactorInputs!$A$2:$A$888,FactorInputs!$F$2:$F$888,"") -> job-yr/MW | T37: =_xlfn.XLOOKUP(B37,FactorInputs!$A$2:$A$888,FactorInputs!$B$2:$B$888,"") -> I-JEDI | U37: =_xlfn.XLOOKUP(B37,FactorInputs!$A$2:$A$888,FactorInputs!$T$2:$T$888,"") -> I-JEDI | V37: =Q37*R37 -> 2080.3239
A38: =D38&"|"&I38&"|"&F38&"|"&G38&"|"&H38 -> PD|AccumulatedNewCapacity|RE1|PWRHYDDAM|2030 | B38: =O38&"|"&H38&"|"&K38&"|"&L38 -> Hydro (large)|2030|O&M|Direct | C38: =G38&"|"&O38 -> PWRHYDDAM|Hydro (large) | D38: PD | E38: simulation_328_results_filtered_PD.xlsx | F38: RE1 | G38: PWRHYDDAM | H38: 2030 | I38: AccumulatedNewCapacity | J38: EmploymentOMDirect | K38: O&M | L38: Direct | M38: =SUMIFS(RawResultsLong!$P:$P,RawResultsLong!$A:$A,A38) -> 37.84 | N38: =M38*1000/31.5576 -> 1199.0772 | O38: Hydro (large) | P38: =SUMIFS(TechnologyMapping!$D:$D,TechnologyMapping!$A:$A,C38) -> 1 | Q38: =N38*P38 -> 1199.0772 | R38: =SUMIFS(FactorInputs!$I:$I,FactorInputs!$A:$A,B38) -> 0.642 | S38: =_xlfn.XLOOKUP(B38,FactorInputs!$A$2:$A$888,FactorInputs!$F$2:$F$888,"") -> job/MW | T38: =_xlfn.XLOOKUP(B38,FactorInputs!$A$2:$A$888,FactorInputs!$B$2:$B$888,"") -> Rutovitz 2015 | U38: =_xlfn.XLOOKUP(B38,FactorInputs!$A$2:$A$888,FactorInputs!$T$2:$T$888,"") -> Rutovitz 2015 | V38: =Q38*R38 -> 769.80759
A39: =D39&"|"&I39&"|"&F39&"|"&G39&"|"&H39 -> PD|AccumulatedNewCapacity|RE1|PWRSOLRTP|2030 | B39: =O39&"|"&H39&"|"&K39&"|"&L39 -> Rooftop solar PV|2030|O&M|Direct | C39: =G39&"|"&O39 -> PWRSOLRTP|Rooftop solar PV | D39: PD | E39: simulation_328_results_filtered_PD.xlsx | F39: RE1 | G39: PWRSOLRTP | H39: 2030 | I39: AccumulatedNewCapacity | J39: EmploymentOMDirect | K39: O&M | L39: Direct | M39: =SUMIFS(RawResultsLong!$P:$P,RawResultsLong!$A:$A,A39) -> 52.00981 | N39: =M39*1000/31.5576 -> 1648.0914 | O39: Rooftop solar PV | P39: =SUMIFS(TechnologyMapping!$D:$D,TechnologyMapping!$A:$A,C39) -> 1 | Q39: =N39*P39 -> 1648.0914 | R39: =SUMIFS(FactorInputs!$I:$I,FactorInputs!$A:$A,B39) -> 0.25764706 | S39: =_xlfn.XLOOKUP(B39,FactorInputs!$A$2:$A$888,FactorInputs!$F$2:$F$888,"") -> job/MW | T39: =_xlfn.XLOOKUP(B39,FactorInputs!$A$2:$A$888,FactorInputs!$B$2:$B$888,"") -> JEDI-US | U39: =_xlfn.XLOOKUP(B39,FactorInputs!$A$2:$A$888,FactorInputs!$T$2:$T$888,"") -> JEDI-US | V39: =Q39*R39 -> 424.62591
A40: =D40&"|"&I40&"|"&F40&"|"&G40&"|"&H40 -> PD|AccumulatedNewCapacity|RE1|PWRSOLUGE|2030 | B40: =O40&"|"&H40&"|"&K40&"|"&L40 -> Utility-scale solar PV|2030|O&M|Direct | C40: =G40&"|"&O40 -> PWRSOLUGE|Utility-scale solar PV | D40: PD | E40: simulation_328_results_filtered_PD.xlsx | F40: RE1 | G40: PWRSOLUGE | H40: 2030 | I40: AccumulatedNewCapacity | J40: EmploymentOMDirect | K40: O&M | L40: Direct | M40: =SUMIFS(RawResultsLong!$P:$P,RawResultsLong!$A:$A,A40) -> 143.39419 | N40: =M40*1000/31.5576 -> 4543.8877 | O40: Utility-scale solar PV | P40: =SUMIFS(TechnologyMapping!$D:$D,TechnologyMapping!$A:$A,C40) -> 1 | Q40: =N40*P40 -> 4543.8877 | R40: =SUMIFS(FactorInputs!$I:$I,FactorInputs!$A:$A,B40) -> 0.082155405 | S40: =_xlfn.XLOOKUP(B40,FactorInputs!$A$2:$A$888,FactorInputs!$F$2:$F$888,"") -> job/MW | T40: =_xlfn.XLOOKUP(B40,FactorInputs!$A$2:$A$888,FactorInputs!$B$2:$B$888,"") -> I-JEDI | U40: =_xlfn.XLOOKUP(B40,FactorInputs!$A$2:$A$888,FactorInputs!$T$2:$T$888,"") -> I-JEDI | V40: =Q40*R40 -> 373.30494
A41: =D41&"|"&I41&"|"&F41&"|"&G41&"|"&H41 -> PD|AccumulatedNewCapacity|RE1|PWRSOLUPE|2030 | B41: =O41&"|"&H41&"|"&K41&"|"&L41 -> Utility-scale solar PV|2030|O&M|Direct | C41: =G41&"|"&O41 -> PWRSOLUPE|Utility-scale solar PV | D41: PD | E41: simulation_328_results_filtered_PD.xlsx | F41: RE1 | G41: PWRSOLUPE | H41: 2030 | I41: AccumulatedNewCapacity | J41: EmploymentOMDirect | K41: O&M | L41: Direct | M41: =SUMIFS(RawResultsLong!$P:$P,RawResultsLong!$A:$A,A41) -> 12.144198 | N41: =M41*1000/31.5576 -> 384.82642 | O41: Utility-scale solar PV | P41: =SUMIFS(TechnologyMapping!$D:$D,TechnologyMapping!$A:$A,C41) -> 1 | Q41: =N41*P41 -> 384.82642 | R41: =SUMIFS(FactorInputs!$I:$I,FactorInputs!$A:$A,B41) -> 0.082155405 | S41: =_xlfn.XLOOKUP(B41,FactorInputs!$A$2:$A$888,FactorInputs!$F$2:$F$888,"") -> job/MW | T41: =_xlfn.XLOOKUP(B41,FactorInputs!$A$2:$A$888,FactorInputs!$B$2:$B$888,"") -> I-JEDI | U41: =_xlfn.XLOOKUP(B41,FactorInputs!$A$2:$A$888,FactorInputs!$T$2:$T$888,"") -> I-JEDI | V41: =Q41*R41 -> 31.615571 | W41: Small-scale solar parks mapped to the available utility-scale solar PV factor.
A42: =D42&"|"&I42&"|"&F42&"|"&G42&"|"&H42 -> PD|AccumulatedNewCapacity|RE1|PWRWNDONS|2030 | B42: =O42&"|"&H42&"|"&K42&"|"&L42 -> Onshore wind|2030|O&M|Direct | C42: =G42&"|"&O42 -> PWRWNDONS|Onshore wind | D42: PD | E42: simulation_328_results_filtered_PD.xlsx | F42: RE1 | G42: PWRWNDONS | H42: 2030 | I42: AccumulatedNewCapacity | J42: EmploymentOMDirect | K42: O&M | L42: Direct | M42: =SUMIFS(RawResultsLong!$P:$P,RawResultsLong!$A:$A,A42) -> 33.266423 | N42: =M42*1000/31.5576 -> 1054.1493 | O42: Onshore wind | P42: =SUMIFS(TechnologyMapping!$D:$D,TechnologyMapping!$A:$A,C42) -> 1 | Q42: =N42*P42 -> 1054.1493 | R42: =SUMIFS(FactorInputs!$I:$I,FactorInputs!$A:$A,B42) -> 0.028467153 | S42: =_xlfn.XLOOKUP(B42,FactorInputs!$A$2:$A$888,FactorInputs!$F$2:$F$888,"") -> job/MW | T42: =_xlfn.XLOOKUP(B42,FactorInputs!$A$2:$A$888,FactorInputs!$B$2:$B$888,"") -> I-JEDI | U42: =_xlfn.XLOOKUP(B42,FactorInputs!$A$2:$A$888,FactorInputs!$T$2:$T$888,"") -> I-JEDI | V42: =Q42*R42 -> 30.008631
A43: =D43&"|"&I43&"|"&F43&"|"&G43&"|"&H43 -> PD|NewCapacity|RE1|PWRSOLRTP|2030 | B43: =O43&"|"&H43&"|"&K43&"|"&L43 -> Rooftop solar PV|2030|Construction&Manufacturing|Direct | C43: =G43&"|"&O43 -> PWRSOLRTP|Rooftop solar PV | D43: PD | E43: simulation_328_results_filtered_PD.xlsx | F43: RE1 | G43: PWRSOLRTP | H43: 2030 | I43: NewCapacity | J43: EmploymentConstructionManufacturingDirect | K43: Construction&Manufacturing | L43: Direct | M43: =SUMIFS(RawResultsLong!$P:$P,RawResultsLong!$A:$A,A43) -> 10.621433 | N43: =M43*1000/31.5576 -> 336.5729 | O43: Rooftop solar PV | P43: =SUMIFS(TechnologyMapping!$D:$D,TechnologyMapping!$A:$A,C43) -> 1 | Q43: =N43*P43 -> 336.5729 | R43: =SUMIFS(FactorInputs!$I:$I,FactorInputs!$A:$A,B43) -> 6.4342201 | S43: =_xlfn.XLOOKUP(B43,FactorInputs!$A$2:$A$888,FactorInputs!$F$2:$F$888,"") -> job-yr/MW | T43: =_xlfn.XLOOKUP(B43,FactorInputs!$A$2:$A$888,FactorInputs!$B$2:$B$888,"") -> JEDI-US | U43: =_xlfn.XLOOKUP(B43,FactorInputs!$A$2:$A$888,FactorInputs!$T$2:$T$888,"") -> JEDI-US | V43: =Q43*R43 -> 2165.5841
A44: =D44&"|"&I44&"|"&F44&"|"&G44&"|"&H44 -> PD|NewCapacity|RE1|PWRSOLUGE|2030 | B44: =O44&"|"&H44&"|"&K44&"|"&L44 -> Utility-scale solar PV|2030|Construction&Manufacturing|Direct | C44: =G44&"|"&O44 -> PWRSOLUGE|Utility-scale solar PV | D44: PD | E44: simulation_328_results_filtered_PD.xlsx | F44: RE1 | G44: PWRSOLUGE | H44: 2030 | I44: NewCapacity | J44: EmploymentConstructionManufacturingDirect | K44: Construction&Manufacturing | L44: Direct | M44: =SUMIFS(RawResultsLong!$P:$P,RawResultsLong!$A:$A,A44) -> 7.884 | N44: =M44*1000/31.5576 -> 249.82888 | O44: Utility-scale solar PV | P44: =SUMIFS(TechnologyMapping!$D:$D,TechnologyMapping!$A:$A,C44) -> 1 | Q44: =N44*P44 -> 249.82888 | R44: =SUMIFS(FactorInputs!$I:$I,FactorInputs!$A:$A,B44) -> 6.8809086 | S44: =_xlfn.XLOOKUP(B44,FactorInputs!$A$2:$A$888,FactorInputs!$F$2:$F$888,"") -> job-yr/MW | T44: =_xlfn.XLOOKUP(B44,FactorInputs!$A$2:$A$888,FactorInputs!$B$2:$B$888,"") -> I-JEDI | U44: =_xlfn.XLOOKUP(B44,FactorInputs!$A$2:$A$888,FactorInputs!$T$2:$T$888,"") -> I-JEDI | V44: =Q44*R44 -> 1719.0497
A45: =D45&"|"&I45&"|"&F45&"|"&G45&"|"&H45 -> PD|AccumulatedNewCapacity|RE1|PWRHYDDAM|2031 | B45: =O45&"|"&H45&"|"&K45&"|"&L45 -> Hydro (large)|2031|O&M|Direct | C45: =G45&"|"&O45 -> PWRHYDDAM|Hydro (large) | D45: PD | E45: simulation_328_results_filtered_PD.xlsx | F45: RE1 | G45: PWRHYDDAM | H45: 2031 | I45: AccumulatedNewCapacity | J45: EmploymentOMDirect | K45: O&M | L45: Direct | M45: =SUMIFS(RawResultsLong!$P:$P,RawResultsLong!$A:$A,A45) -> 37.84 | N45: =M45*1000/31.5576 -> 1199.0772 | O45: Hydro (large) | P45: =SUMIFS(TechnologyMapping!$D:$D,TechnologyMapping!$A:$A,C45) -> 1 | Q45: =N45*P45 -> 1199.0772 | R45: =SUMIFS(FactorInputs!$I:$I,FactorInputs!$A:$A,B45) -> 0.64182459 | S45: =_xlfn.XLOOKUP(B45,FactorInputs!$A$2:$A$888,FactorInputs!$F$2:$F$888,"") -> job/MW | T45: =_xlfn.XLOOKUP(B45,FactorInputs!$A$2:$A$888,FactorInputs!$B$2:$B$888,"") -> Rutovitz 2015 | U45: =_xlfn.XLOOKUP(B45,FactorInputs!$A$2:$A$888,FactorInputs!$T$2:$T$888,"") -> Rutovitz 2015 | V45: =Q45*R45 -> 769.59726
A46: =D46&"|"&I46&"|"&F46&"|"&G46&"|"&H46 -> PD|AccumulatedNewCapacity|RE1|PWRSOLRTP|2031 | B46: =O46&"|"&H46&"|"&K46&"|"&L46 -> Rooftop solar PV|2031|O&M|Direct | C46: =G46&"|"&O46 -> PWRSOLRTP|Rooftop solar PV | D46: PD | E46: simulation_328_results_filtered_PD.xlsx | F46: RE1 | G46: PWRSOLRTP | H46: 2031 | I46: AccumulatedNewCapacity | J46: EmploymentOMDirect | K46: O&M | L46: Direct | M46: =SUMIFS(RawResultsLong!$P:$P,RawResultsLong!$A:$A,A46) -> 61.68007 | N46: =M46*1000/31.5576 -> 1954.5235 | O46: Rooftop solar PV | P46: =SUMIFS(TechnologyMapping!$D:$D,TechnologyMapping!$A:$A,C46) -> 1 | Q46: =N46*P46 -> 1954.5235 | R46: =SUMIFS(FactorInputs!$I:$I,FactorInputs!$A:$A,B46) -> 0.25561765 | S46: =_xlfn.XLOOKUP(B46,FactorInputs!$A$2:$A$888,FactorInputs!$F$2:$F$888,"") -> job/MW | T46: =_xlfn.XLOOKUP(B46,FactorInputs!$A$2:$A$888,FactorInputs!$B$2:$B$888,"") -> JEDI-US | U46: =_xlfn.XLOOKUP(B46,FactorInputs!$A$2:$A$888,FactorInputs!$T$2:$T$888,"") -> JEDI-US | V46: =Q46*R46 -> 499.61069
A47: =D47&"|"&I47&"|"&F47&"|"&G47&"|"&H47 -> PD|AccumulatedNewCapacity|RE1|PWRSOLUGE|2031 | B47: =O47&"|"&H47&"|"&K47&"|"&L47 -> Utility-scale solar PV|2031|O&M|Direct | C47: =G47&"|"&O47 -> PWRSOLUGE|Utility-scale solar PV | D47: PD | E47: simulation_328_results_filtered_PD.xlsx | F47: RE1 | G47: PWRSOLUGE | H47: 2031 | I47: AccumulatedNewCapacity | J47: EmploymentOMDirect | K47: O&M | L47: Direct | M47: =SUMIFS(RawResultsLong!$P:$P,RawResultsLong!$A:$A,A47) -> 143.39419 | N47: =M47*1000/31.5576 -> 4543.8877 | O47: Utility-scale solar PV | P47: =SUMIFS(TechnologyMapping!$D:$D,TechnologyMapping!$A:$A,C47) -> 1 | Q47: =N47*P47 -> 4543.8877 | R47: =SUMIFS(FactorInputs!$I:$I,FactorInputs!$A:$A,B47) -> 0.081568581 | S47: =_xlfn.XLOOKUP(B47,FactorInputs!$A$2:$A$888,FactorInputs!$F$2:$F$888,"") -> job/MW | T47: =_xlfn.XLOOKUP(B47,FactorInputs!$A$2:$A$888,FactorInputs!$B$2:$B$888,"") -> I-JEDI | U47: =_xlfn.XLOOKUP(B47,FactorInputs!$A$2:$A$888,FactorInputs!$T$2:$T$888,"") -> I-JEDI | V47: =Q47*R47 -> 370.63848
A48: =D48&"|"&I48&"|"&F48&"|"&G48&"|"&H48 -> PD|AccumulatedNewCapacity|RE1|PWRSOLUPE|2031 | B48: =O48&"|"&H48&"|"&K48&"|"&L48 -> Utility-scale solar PV|2031|O&M|Direct | C48: =G48&"|"&O48 -> PWRSOLUPE|Utility-scale solar PV | D48: PD | E48: simulation_328_results_filtered_PD.xlsx | F48: RE1 | G48: PWRSOLUPE | H48: 2031 | I48: AccumulatedNewCapacity | J48: EmploymentOMDirect | K48: O&M | L48: Direct | M48: =SUMIFS(RawResultsLong!$P:$P,RawResultsLong!$A:$A,A48) -> 12.144198 | N48: =M48*1000/31.5576 -> 384.82642 | O48: Utility-scale solar PV | P48: =SUMIFS(TechnologyMapping!$D:$D,TechnologyMapping!$A:$A,C48) -> 1 | Q48: =N48*P48 -> 384.82642 | R48: =SUMIFS(FactorInputs!$I:$I,FactorInputs!$A:$A,B48) -> 0.081568581 | S48: =_xlfn.XLOOKUP(B48,FactorInputs!$A$2:$A$888,FactorInputs!$F$2:$F$888,"") -> job/MW | T48: =_xlfn.XLOOKUP(B48,FactorInputs!$A$2:$A$888,FactorInputs!$B$2:$B$888,"") -> I-JEDI | U48: =_xlfn.XLOOKUP(B48,FactorInputs!$A$2:$A$888,FactorInputs!$T$2:$T$888,"") -> I-JEDI | V48: =Q48*R48 -> 31.389745 | W48: Small-scale solar parks mapped to the available utility-scale solar PV factor.
A49: =D49&"|"&I49&"|"&F49&"|"&G49&"|"&H49 -> PD|AccumulatedNewCapacity|RE1|PWRWNDONS|2031 | B49: =O49&"|"&H49&"|"&K49&"|"&L49 -> Onshore wind|2031|O&M|Direct | C49: =G49&"|"&O49 -> PWRWNDONS|Onshore wind | D49: PD | E49: simulation_328_results_filtered_PD.xlsx | F49: RE1 | G49: PWRWNDONS | H49: 2031 | I49: AccumulatedNewCapacity | J49: EmploymentOMDirect | K49: O&M | L49: Direct | M49: =SUMIFS(RawResultsLong!$P:$P,RawResultsLong!$A:$A,A49) -> 33.266423 | N49: =M49*1000/31.5576 -> 1054.1493 | O49: Onshore wind | P49: =SUMIFS(TechnologyMapping!$D:$D,TechnologyMapping!$A:$A,C49) -> 1 | Q49: =N49*P49 -> 1054.1493 | R49: =SUMIFS(FactorInputs!$I:$I,FactorInputs!$A:$A,B49) -> 0.028390511 | S49: =_xlfn.XLOOKUP(B49,FactorInputs!$A$2:$A$888,FactorInputs!$F$2:$F$888,"") -> job/MW | T49: =_xlfn.XLOOKUP(B49,FactorInputs!$A$2:$A$888,FactorInputs!$B$2:$B$888,"") -> I-JEDI | U49: =_xlfn.XLOOKUP(B49,FactorInputs!$A$2:$A$888,FactorInputs!$T$2:$T$888,"") -> I-JEDI | V49: =Q49*R49 -> 29.927838
A50: =D50&"|"&I50&"|"&F50&"|"&G50&"|"&H50 -> PD|NewCapacity|RE1|PWRSOLRTP|2031 | B50: =O50&"|"&H50&"|"&K50&"|"&L50 -> Rooftop solar PV|2031|Construction&Manufacturing|Direct | C50: =G50&"|"&O50 -> PWRSOLRTP|Rooftop solar PV | D50: PD | E50: simulation_328_results_filtered_PD.xlsx | F50: RE1 | G50: PWRSOLRTP | H50: 2031 | I50: NewCapacity | J50: EmploymentConstructionManufacturingDirect | K50: Construction&Manufacturing | L50: Direct | M50: =SUMIFS(RawResultsLong!$P:$P,RawResultsLong!$A:$A,A50) -> 9.67026 | N50: =M50*1000/31.5576 -> 306.43205 | O50: Rooftop solar PV | P50: =SUMIFS(TechnologyMapping!$D:$D,TechnologyMapping!$A:$A,C50) -> 1 | Q50: =N50*P50 -> 306.43205 | R50: =SUMIFS(FactorInputs!$I:$I,FactorInputs!$A:$A,B50) -> 6.3285371 | S50: =_xlfn.XLOOKUP(B50,FactorInputs!$A$2:$A$888,FactorInputs!$F$2:$F$888,"") -> job-yr/MW | T50: =_xlfn.XLOOKUP(B50,FactorInputs!$A$2:$A$888,FactorInputs!$B$2:$B$888,"") -> JEDI-US | U50: =_xlfn.XLOOKUP(B50,FactorInputs!$A$2:$A$888,FactorInputs!$T$2:$T$888,"") -> JEDI-US | V50: =Q50*R50 -> 1939.2666
A51: =D51&"|"&I51&"|"&F51&"|"&G51&"|"&H51 -> PD|AccumulatedNewCapacity|RE1|PWRHYDDAM|2032 | B51: =O51&"|"&H51&"|"&K51&"|"&L51 -> Hydro (large)|2032|O&M|Direct | C51: =G51&"|"&O51 -> PWRHYDDAM|Hydro (large) | D51: PD | E51: simulation_328_results_filtered_PD.xlsx | F51: RE1 | G51: PWRHYDDAM | H51: 2032 | I51: AccumulatedNewCapacity | J51: EmploymentOMDirect | K51: O&M | L51: Direct | M51: =SUMIFS(RawResultsLong!$P:$P,RawResultsLong!$A:$A,A51) -> 37.84 | N51: =M51*1000/31.5576 -> 1199.0772 | O51: Hydro (large) | P51: =SUMIFS(TechnologyMapping!$D:$D,TechnologyMapping!$A:$A,C51) -> 1 | Q51: =N51*P51 -> 1199.0772 | R51: =SUMIFS(FactorInputs!$I:$I,FactorInputs!$A:$A,B51) -> 0.64164918 | S51: =_xlfn.XLOOKUP(B51,FactorInputs!$A$2:$A$888,FactorInputs!$F$2:$F$888,"") -> job/MW | T51: =_xlfn.XLOOKUP(B51,FactorInputs!$A$2:$A$888,FactorInputs!$B$2:$B$888,"") -> Rutovitz 2015 | U51: =_xlfn.XLOOKUP(B51,FactorInputs!$A$2:$A$888,FactorInputs!$T$2:$T$888,"") -> Rutovitz 2015 | V51: =Q51*R51 -> 769.38693
A52: =D52&"|"&I52&"|"&F52&"|"&G52&"|"&H52 -> PD|AccumulatedNewCapacity|RE1|PWRSOLRTP|2032 | B52: =O52&"|"&H52&"|"&K52&"|"&L52 -> Rooftop solar PV|2032|O&M|Direct | C52: =G52&"|"&O52 -> PWRSOLRTP|Rooftop solar PV | D52: PD | E52: simulation_328_results_filtered_PD.xlsx | F52: RE1 | G52: PWRSOLRTP | H52: 2032 | I52: AccumulatedNewCapacity | J52: EmploymentOMDirect | K52: O&M | L52: Direct | M52: =SUMIFS(RawResultsLong!$P:$P,RawResultsLong!$A:$A,A52) -> 70.240628 | N52: =M52*1000/31.5576 -> 2225.7912 | O52: Rooftop solar PV | P52: =SUMIFS(TechnologyMapping!$D:$D,TechnologyMapping!$A:$A,C52) -> 1 | Q52: =N52*P52 -> 2225.7912 | R52: =SUMIFS(FactorInputs!$I:$I,FactorInputs!$A:$A,B52) -> 0.25358824 | S52: =_xlfn.XLOOKUP(B52,FactorInputs!$A$2:$A$888,FactorInputs!$F$2:$F$888,"") -> job/MW | T52: =_xlfn.XLOOKUP(B52,FactorInputs!$A$2:$A$888,FactorInputs!$B$2:$B$888,"") -> JEDI-US | U52: =_xlfn.XLOOKUP(B52,FactorInputs!$A$2:$A$888,FactorInputs!$T$2:$T$888,"") -> JEDI-US | V52: =Q52*R52 -> 564.43446
A53: =D53&"|"&I53&"|"&F53&"|"&G53&"|"&H53 -> PD|AccumulatedNewCapacity|RE1|PWRSOLUGE|2032 | B53: =O53&"|"&H53&"|"&K53&"|"&L53 -> Utility-scale solar PV|2032|O&M|Direct | C53: =G53&"|"&O53 -> PWRSOLUGE|Utility-scale solar PV | D53: PD | E53: simulation_328_results_filtered_PD.xlsx | F53: RE1 | G53: PWRSOLUGE | H53: 2032 | I53: AccumulatedNewCapacity | J53: EmploymentOMDirect | K53: O&M | L53: Direct | M53: =SUMIFS(RawResultsLong!$P:$P,RawResultsLong!$A:$A,A53) -> 143.39419 | N53: =M53*1000/31.5576 -> 4543.8877 | O53: Utility-scale solar PV | P53: =SUMIFS(TechnologyMapping!$D:$D,TechnologyMapping!$A:$A,C53) -> 1 | Q53: =N53*P53 -> 4543.8877 | R53: =SUMIFS(FactorInputs!$I:$I,FactorInputs!$A:$A,B53) -> 0.080981757 | S53: =_xlfn.XLOOKUP(B53,FactorInputs!$A$2:$A$888,FactorInputs!$F$2:$F$888,"") -> job/MW | T53: =_xlfn.XLOOKUP(B53,FactorInputs!$A$2:$A$888,FactorInputs!$B$2:$B$888,"") -> I-JEDI | U53: =_xlfn.XLOOKUP(B53,FactorInputs!$A$2:$A$888,FactorInputs!$T$2:$T$888,"") -> I-JEDI | V53: =Q53*R53 -> 367.97201
A54: =D54&"|"&I54&"|"&F54&"|"&G54&"|"&H54 -> PD|AccumulatedNewCapacity|RE1|PWRSOLUPE|2032 | B54: =O54&"|"&H54&"|"&K54&"|"&L54 -> Utility-scale solar PV|2032|O&M|Direct | C54: =G54&"|"&O54 -> PWRSOLUPE|Utility-scale solar PV | D54: PD | E54: simulation_328_results_filtered_PD.xlsx | F54: RE1 | G54: PWRSOLUPE | H54: 2032 | I54: AccumulatedNewCapacity | J54: EmploymentOMDirect | K54: O&M | L54: Direct | M54: =SUMIFS(RawResultsLong!$P:$P,RawResultsLong!$A:$A,A54) -> 12.144198 | N54: =M54*1000/31.5576 -> 384.82642 | O54: Utility-scale solar PV | P54: =SUMIFS(TechnologyMapping!$D:$D,TechnologyMapping!$A:$A,C54) -> 1 | Q54: =N54*P54 -> 384.82642 | R54: =SUMIFS(FactorInputs!$I:$I,FactorInputs!$A:$A,B54) -> 0.080981757 | S54: =_xlfn.XLOOKUP(B54,FactorInputs!$A$2:$A$888,FactorInputs!$F$2:$F$888,"") -> job/MW | T54: =_xlfn.XLOOKUP(B54,FactorInputs!$A$2:$A$888,FactorInputs!$B$2:$B$888,"") -> I-JEDI | U54: =_xlfn.XLOOKUP(B54,FactorInputs!$A$2:$A$888,FactorInputs!$T$2:$T$888,"") -> I-JEDI | V54: =Q54*R54 -> 31.16392 | W54: Small-scale solar parks mapped to the available utility-scale solar PV factor.
A55: =D55&"|"&I55&"|"&F55&"|"&G55&"|"&H55 -> PD|AccumulatedNewCapacity|RE1|PWRWNDONS|2032 | B55: =O55&"|"&H55&"|"&K55&"|"&L55 -> Onshore wind|2032|O&M|Direct | C55: =G55&"|"&O55 -> PWRWNDONS|Onshore wind | D55: PD | E55: simulation_328_results_filtered_PD.xlsx | F55: RE1 | G55: PWRWNDONS | H55: 2032 | I55: AccumulatedNewCapacity | J55: EmploymentOMDirect | K55: O&M | L55: Direct | M55: =SUMIFS(RawResultsLong!$P:$P,RawResultsLong!$A:$A,A55) -> 33.266423 | N55: =M55*1000/31.5576 -> 1054.1493 | O55: Onshore wind | P55: =SUMIFS(TechnologyMapping!$D:$D,TechnologyMapping!$A:$A,C55) -> 1 | Q55: =N55*P55 -> 1054.1493 | R55: =SUMIFS(FactorInputs!$I:$I,FactorInputs!$A:$A,B55) -> 0.028313869 | S55: =_xlfn.XLOOKUP(B55,FactorInputs!$A$2:$A$888,FactorInputs!$F$2:$F$888,"") -> job/MW | T55: =_xlfn.XLOOKUP(B55,FactorInputs!$A$2:$A$888,FactorInputs!$B$2:$B$888,"") -> I-JEDI | U55: =_xlfn.XLOOKUP(B55,FactorInputs!$A$2:$A$888,FactorInputs!$T$2:$T$888,"") -> I-JEDI | V55: =Q55*R55 -> 29.847046
A56: =D56&"|"&I56&"|"&F56&"|"&G56&"|"&H56 -> PD|NewCapacity|RE1|PWRSOLRTP|2032 | B56: =O56&"|"&H56&"|"&K56&"|"&L56 -> Rooftop solar PV|2032|Construction&Manufacturing|Direct | C56: =G56&"|"&O56 -> PWRSOLRTP|Rooftop solar PV | D56: PD | E56: simulation_328_results_filtered_PD.xlsx | F56: RE1 | G56: PWRSOLRTP | H56: 2032 | I56: NewCapacity | J56: EmploymentConstructionManufacturingDirect | K56: Construction&Manufacturing | L56: Direct | M56: =SUMIFS(RawResultsLong!$P:$P,RawResultsLong!$A:$A,A56) -> 8.560558 | N56: =M56*1000/31.5576 -> 271.26771 | O56: Rooftop solar PV | P56: =SUMIFS(TechnologyMapping!$D:$D,TechnologyMapping!$A:$A,C56) -> 1 | Q56: =N56*P56 -> 271.26771 | R56: =SUMIFS(FactorInputs!$I:$I,FactorInputs!$A:$A,B56) -> 6.2228542 | S56: =_xlfn.XLOOKUP(B56,FactorInputs!$A$2:$A$888,FactorInputs!$F$2:$F$888,"") -> job-yr/MW | T56: =_xlfn.XLOOKUP(B56,FactorInputs!$A$2:$A$888,FactorInputs!$B$2:$B$888,"") -> JEDI-US | U56: =_xlfn.XLOOKUP(B56,FactorInputs!$A$2:$A$888,FactorInputs!$T$2:$T$888,"") -> JEDI-US | V56: =Q56*R56 -> 1688.0594
A57: =D57&"|"&I57&"|"&F57&"|"&G57&"|"&H57 -> PD|AccumulatedNewCapacity|RE1|PWRHYDDAM|2033 | B57: =O57&"|"&H57&"|"&K57&"|"&L57 -> Hydro (large)|2033|O&M|Direct | C57: =G57&"|"&O57 -> PWRHYDDAM|Hydro (large) | D57: PD | E57: simulation_328_results_filtered_PD.xlsx | F57: RE1 | G57: PWRHYDDAM | H57: 2033 | I57: AccumulatedNewCapacity | J57: EmploymentOMDirect | K57: O&M | L57: Direct | M57: =SUMIFS(RawResultsLong!$P:$P,RawResultsLong!$A:$A,A57) -> 37.84 | N57: =M57*1000/31.5576 -> 1199.0772 | O57: Hydro (large) | P57: =SUMIFS(TechnologyMapping!$D:$D,TechnologyMapping!$A:$A,C57) -> 1 | Q57: =N57*P57 -> 1199.0772 | R57: =SUMIFS(FactorInputs!$I:$I,FactorInputs!$A:$A,B57) -> 0.64147377 | S57: =_xlfn.XLOOKUP(B57,FactorInputs!$A$2:$A$888,FactorInputs!$F$2:$F$888,"") -> job/MW | T57: =_xlfn.XLOOKUP(B57,FactorInputs!$A$2:$A$888,FactorInputs!$B$2:$B$888,"") -> Rutovitz 2015 | U57: =_xlfn.XLOOKUP(B57,FactorInputs!$A$2:$A$888,FactorInputs!$T$2:$T$888,"") -> Rutovitz 2015 | V57: =Q57*R57 -> 769.1766
A58: =D58&"|"&I58&"|"&F58&"|"&G58&"|"&H58 -> PD|AccumulatedNewCapacity|RE1|PWRSOLRTP|2033 | B58: =O58&"|"&H58&"|"&K58&"|"&L58 -> Rooftop solar PV|2033|O&M|Direct | C58: =G58&"|"&O58 -> PWRSOLRTP|Rooftop solar PV | D58: PD | E58: simulation_328_results_filtered_PD.xlsx | F58: RE1 | G58: PWRSOLRTP | H58: 2033 | I58: AccumulatedNewCapacity | J58: EmploymentOMDirect | K58: O&M | L58: Direct | M58: =SUMIFS(RawResultsLong!$P:$P,RawResultsLong!$A:$A,A58) -> 77.691484 | N58: =M58*1000/31.5576 -> 2461.8946 | O58: Rooftop solar PV | P58: =SUMIFS(TechnologyMapping!$D:$D,TechnologyMapping!$A:$A,C58) -> 1 | Q58: =N58*P58 -> 2461.8946 | R58: =SUMIFS(FactorInputs!$I:$I,FactorInputs!$A:$A,B58) -> 0.25155882 | S58: =_xlfn.XLOOKUP(B58,FactorInputs!$A$2:$A$888,FactorInputs!$F$2:$F$888,"") -> job/MW | T58: =_xlfn.XLOOKUP(B58,FactorInputs!$A$2:$A$888,FactorInputs!$B$2:$B$888,"") -> JEDI-US | U58: =_xlfn.XLOOKUP(B58,FactorInputs!$A$2:$A$888,FactorInputs!$T$2:$T$888,"") -> JEDI-US | V58: =Q58*R58 -> 619.3113
A59: =D59&"|"&I59&"|"&F59&"|"&G59&"|"&H59 -> PD|AccumulatedNewCapacity|RE1|PWRSOLRTP_ZNI|2033 | B59: =O59&"|"&H59&"|"&K59&"|"&L59 -> Rooftop solar PV|2033|O&M|Direct | C59: =G59&"|"&O59 -> PWRSOLRTP_ZNI|Rooftop solar PV | D59: PD | E59: simulation_328_results_filtered_PD.xlsx | F59: RE1 | G59: PWRSOLRTP_ZNI | H59: 2033 | I59: AccumulatedNewCapacity | J59: EmploymentOMDirect | K59: O&M | L59: Direct | M59: =SUMIFS(RawResultsLong!$P:$P,RawResultsLong!$A:$A,A59) -> 0.69954824 | N59: =M59*1000/31.5576 -> 22.167346 | O59: Rooftop solar PV | P59: =SUMIFS(TechnologyMapping!$D:$D,TechnologyMapping!$A:$A,C59) -> 1 | Q59: =N59*P59 -> 22.167346 | R59: =SUMIFS(FactorInputs!$I:$I,FactorInputs!$A:$A,B59) -> 0.25155882 | S59: =_xlfn.XLOOKUP(B59,FactorInputs!$A$2:$A$888,FactorInputs!$F$2:$F$888,"") -> job/MW | T59: =_xlfn.XLOOKUP(B59,FactorInputs!$A$2:$A$888,FactorInputs!$B$2:$B$888,"") -> JEDI-US | U59: =_xlfn.XLOOKUP(B59,FactorInputs!$A$2:$A$888,FactorInputs!$T$2:$T$888,"") -> JEDI-US | V59: =Q59*R59 -> 5.5763915 | W59: Isolated-area rooftop solar mapped to the available rooftop solar factor.
A60: =D60&"|"&I60&"|"&F60&"|"&G60&"|"&H60 -> PD|AccumulatedNewCapacity|RE1|PWRSOLUGE|2033 | B60: =O60&"|"&H60&"|"&K60&"|"&L60 -> Utility-scale solar PV|2033|O&M|Direct | C60: =G60&"|"&O60 -> PWRSOLUGE|Utility-scale solar PV | D60: PD | E60: simulation_328_results_filtered_PD.xlsx | F60: RE1 | G60: PWRSOLUGE | H60: 2033 | I60: AccumulatedNewCapacity | J60: EmploymentOMDirect | K60: O&M | L60: Direct | M60: =SUMIFS(RawResultsLong!$P:$P,RawResultsLong!$A:$A,A60) -> 143.39419 | N60: =M60*1000/31.5576 -> 4543.8877 | O60: Utility-scale solar PV | P60: =SUMIFS(TechnologyMapping!$D:$D,TechnologyMapping!$A:$A,C60) -> 1 | Q60: =N60*P60 -> 4543.8877 | R60: =SUMIFS(FactorInputs!$I:$I,FactorInputs!$A:$A,B60) -> 0.080394932 | S60: =_xlfn.XLOOKUP(B60,FactorInputs!$A$2:$A$888,FactorInputs!$F$2:$F$888,"") -> job/MW | T60: =_xlfn.XLOOKUP(B60,FactorInputs!$A$2:$A$888,FactorInputs!$B$2:$B$888,"") -> I-JEDI | U60: =_xlfn.XLOOKUP(B60,FactorInputs!$A$2:$A$888,FactorInputs!$T$2:$T$888,"") -> I-JEDI | V60: =Q60*R60 -> 365.30555
A61: =D61&"|"&I61&"|"&F61&"|"&G61&"|"&H61 -> PD|AccumulatedNewCapacity|RE1|PWRSOLUPE|2033 | B61: =O61&"|"&H61&"|"&K61&"|"&L61 -> Utility-scale solar PV|2033|O&M|Direct | C61: =G61&"|"&O61 -> PWRSOLUPE|Utility-scale solar PV | D61: PD | E61: simulation_328_results_filtered_PD.xlsx | F61: RE1 | G61: PWRSOLUPE | H61: 2033 | I61: AccumulatedNewCapacity | J61: EmploymentOMDirect | K61: O&M | L61: Direct | M61: =SUMIFS(RawResultsLong!$P:$P,RawResultsLong!$A:$A,A61) -> 12.144198 | N61: =M61*1000/31.5576 -> 384.82642 | O61: Utility-scale solar PV | P61: =SUMIFS(TechnologyMapping!$D:$D,TechnologyMapping!$A:$A,C61) -> 1 | Q61: =N61*P61 -> 384.82642 | R61: =SUMIFS(FactorInputs!$I:$I,FactorInputs!$A:$A,B61) -> 0.080394932 | S61: =_xlfn.XLOOKUP(B61,FactorInputs!$A$2:$A$888,FactorInputs!$F$2:$F$888,"") -> job/MW | T61: =_xlfn.XLOOKUP(B61,FactorInputs!$A$2:$A$888,FactorInputs!$B$2:$B$888,"") -> I-JEDI | U61: =_xlfn.XLOOKUP(B61,FactorInputs!$A$2:$A$888,FactorInputs!$T$2:$T$888,"") -> I-JEDI | V61: =Q61*R61 -> 30.938094 | W61: Small-scale solar parks mapped to the available utility-scale solar PV factor.
A62: =D62&"|"&I62&"|"&F62&"|"&G62&"|"&H62 -> PD|AccumulatedNewCapacity|RE1|PWRWNDONS|2033 | B62: =O62&"|"&H62&"|"&K62&"|"&L62 -> Onshore wind|2033|O&M|Direct | C62: =G62&"|"&O62 -> PWRWNDONS|Onshore wind | D62: PD | E62: simulation_328_results_filtered_PD.xlsx | F62: RE1 | G62: PWRWNDONS | H62: 2033 | I62: AccumulatedNewCapacity | J62: EmploymentOMDirect | K62: O&M | L62: Direct | M62: =SUMIFS(RawResultsLong!$P:$P,RawResultsLong!$A:$A,A62) -> 33.266423 | N62: =M62*1000/31.5576 -> 1054.1493 | O62: Onshore wind | P62: =SUMIFS(TechnologyMapping!$D:$D,TechnologyMapping!$A:$A,C62) -> 1 | Q62: =N62*P62 -> 1054.1493 | R62: =SUMIFS(FactorInputs!$I:$I,FactorInputs!$A:$A,B62) -> 0.028237226 | S62: =_xlfn.XLOOKUP(B62,FactorInputs!$A$2:$A$888,FactorInputs!$F$2:$F$888,"") -> job/MW | T62: =_xlfn.XLOOKUP(B62,FactorInputs!$A$2:$A$888,FactorInputs!$B$2:$B$888,"") -> I-JEDI | U62: =_xlfn.XLOOKUP(B62,FactorInputs!$A$2:$A$888,FactorInputs!$T$2:$T$888,"") -> I-JEDI | V62: =Q62*R62 -> 29.766254
A63: =D63&"|"&I63&"|"&F63&"|"&G63&"|"&H63 -> PD|NewCapacity|RE1|PWRSOLRTP|2033 | B63: =O63&"|"&H63&"|"&K63&"|"&L63 -> Rooftop solar PV|2033|Construction&Manufacturing|Direct | C63: =G63&"|"&O63 -> PWRSOLRTP|Rooftop solar PV | D63: PD | E63: simulation_328_results_filtered_PD.xlsx | F63: RE1 | G63: PWRSOLRTP | H63: 2033 | I63: NewCapacity | J63: EmploymentConstructionManufacturingDirect | K63: Construction&Manufacturing | L63: Direct | M63: =SUMIFS(RawResultsLong!$P:$P,RawResultsLong!$A:$A,A63) -> 7.4508561 | N63: =M63*1000/31.5576 -> 236.10338 | O63: Rooftop solar PV | P63: =SUMIFS(TechnologyMapping!$D:$D,TechnologyMapping!$A:$A,C63) -> 1 | Q63: =N63*P63 -> 236.10338 | R63: =SUMIFS(FactorInputs!$I:$I,FactorInputs!$A:$A,B63) -> 6.1171712 | S63: =_xlfn.XLOOKUP(B63,FactorInputs!$A$2:$A$888,FactorInputs!$F$2:$F$888,"") -> job-yr/MW | T63: =_xlfn.XLOOKUP(B63,FactorInputs!$A$2:$A$888,FactorInputs!$B$2:$B$888,"") -> JEDI-US | U63: =_xlfn.XLOOKUP(B63,FactorInputs!$A$2:$A$888,FactorInputs!$T$2:$T$888,"") -> JEDI-US | V63: =Q63*R63 -> 1444.2848
A64: =D64&"|"&I64&"|"&F64&"|"&G64&"|"&H64 -> PD|NewCapacity|RE1|PWRSOLRTP_ZNI|2033 | B64: =O64&"|"&H64&"|"&K64&"|"&L64 -> Rooftop solar PV|2033|Construction&Manufacturing|Direct | C64: =G64&"|"&O64 -> PWRSOLRTP_ZNI|Rooftop solar PV | D64: PD | E64: simulation_328_results_filtered_PD.xlsx | F64: RE1 | G64: PWRSOLRTP_ZNI | H64: 2033 | I64: NewCapacity | J64: EmploymentConstructionManufacturingDirect | K64: Construction&Manufacturing | L64: Direct | M64: =SUMIFS(RawResultsLong!$P:$P,RawResultsLong!$A:$A,A64) -> 0.69954824 | N64: =M64*1000/31.5576 -> 22.167346 | O64: Rooftop solar PV | P64: =SUMIFS(TechnologyMapping!$D:$D,TechnologyMapping!$A:$A,C64) -> 1 | Q64: =N64*P64 -> 22.167346 | R64: =SUMIFS(FactorInputs!$I:$I,FactorInputs!$A:$A,B64) -> 6.1171712 | S64: =_xlfn.XLOOKUP(B64,FactorInputs!$A$2:$A$888,FactorInputs!$F$2:$F$888,"") -> job-yr/MW | T64: =_xlfn.XLOOKUP(B64,FactorInputs!$A$2:$A$888,FactorInputs!$B$2:$B$888,"") -> JEDI-US | U64: =_xlfn.XLOOKUP(B64,FactorInputs!$A$2:$A$888,FactorInputs!$T$2:$T$888,"") -> JEDI-US | V64: =Q64*R64 -> 135.60145 | W64: Isolated-area rooftop solar mapped to the available rooftop solar factor.
A65: =D65&"|"&I65&"|"&F65&"|"&G65&"|"&H65 -> PD|AccumulatedNewCapacity|RE1|PWRHYDDAM|2034 | B65: =O65&"|"&H65&"|"&K65&"|"&L65 -> Hydro (large)|2034|O&M|Direct | C65: =G65&"|"&O65 -> PWRHYDDAM|Hydro (large) | D65: PD | E65: simulation_328_results_filtered_PD.xlsx | F65: RE1 | G65: PWRHYDDAM | H65: 2034 | I65: AccumulatedNewCapacity | J65: EmploymentOMDirect | K65: O&M | L65: Direct | M65: =SUMIFS(RawResultsLong!$P:$P,RawResultsLong!$A:$A,A65) -> 37.84 | N65: =M65*1000/31.5576 -> 1199.0772 | O65: Hydro (large) | P65: =SUMIFS(TechnologyMapping!$D:$D,TechnologyMapping!$A:$A,C65) -> 1 | Q65: =N65*P65 -> 1199.0772 | R65: =SUMIFS(FactorInputs!$I:$I,FactorInputs!$A:$A,B65) -> 0.64129836 | S65: =_xlfn.XLOOKUP(B65,FactorInputs!$A$2:$A$888,FactorInputs!$F$2:$F$888,"") -> job/MW | T65: =_xlfn.XLOOKUP(B65,FactorInputs!$A$2:$A$888,FactorInputs!$B$2:$B$888,"") -> Rutovitz 2015 | U65: =_xlfn.XLOOKUP(B65,FactorInputs!$A$2:$A$888,FactorInputs!$T$2:$T$888,"") -> Rutovitz 2015 | V65: =Q65*R65 -> 768.96627
A66: =D66&"|"&I66&"|"&F66&"|"&G66&"|"&H66 -> PD|AccumulatedNewCapacity|RE1|PWRSOLRTP|2034 | B66: =O66&"|"&H66&"|"&K66&"|"&L66 -> Rooftop solar PV|2034|O&M|Direct | C66: =G66&"|"&O66 -> PWRSOLRTP|Rooftop solar PV | D66: PD | E66: simulation_328_results_filtered_PD.xlsx | F66: RE1 | G66: PWRSOLRTP | H66: 2034 | I66: AccumulatedNewCapacity | J66: EmploymentOMDirect | K66: O&M | L66: Direct | M66: =SUMIFS(RawResultsLong!$P:$P,RawResultsLong!$A:$A,A66) -> 84.032638 | N66: =M66*1000/31.5576 -> 2662.8336 | O66: Rooftop solar PV | P66: =SUMIFS(TechnologyMapping!$D:$D,TechnologyMapping!$A:$A,C66) -> 1 | Q66: =N66*P66 -> 2662.8336 | R66: =SUMIFS(FactorInputs!$I:$I,FactorInputs!$A:$A,B66) -> 0.24952941 | S66: =_xlfn.XLOOKUP(B66,FactorInputs!$A$2:$A$888,FactorInputs!$F$2:$F$888,"") -> job/MW | T66: =_xlfn.XLOOKUP(B66,FactorInputs!$A$2:$A$888,FactorInputs!$B$2:$B$888,"") -> JEDI-US | U66: =_xlfn.XLOOKUP(B66,FactorInputs!$A$2:$A$888,FactorInputs!$T$2:$T$888,"") -> JEDI-US | V66: =Q66*R66 -> 664.4553
A67: =D67&"|"&I67&"|"&F67&"|"&G67&"|"&H67 -> PD|AccumulatedNewCapacity|RE1|PWRSOLRTP_ZNI|2034 | B67: =O67&"|"&H67&"|"&K67&"|"&L67 -> Rooftop solar PV|2034|O&M|Direct | C67: =G67&"|"&O67 -> PWRSOLRTP_ZNI|Rooftop solar PV | D67: PD | E67: simulation_328_results_filtered_PD.xlsx | F67: RE1 | G67: PWRSOLRTP_ZNI | H67: 2034 | I67: AccumulatedNewCapacity | J67: EmploymentOMDirect | K67: O&M | L67: Direct | M67: =SUMIFS(RawResultsLong!$P:$P,RawResultsLong!$A:$A,A67) -> 0.73595293 | N67: =M67*1000/31.5576 -> 23.320941 | O67: Rooftop solar PV | P67: =SUMIFS(TechnologyMapping!$D:$D,TechnologyMapping!$A:$A,C67) -> 1 | Q67: =N67*P67 -> 23.320941 | R67: =SUMIFS(FactorInputs!$I:$I,FactorInputs!$A:$A,B67) -> 0.24952941 | S67: =_xlfn.XLOOKUP(B67,FactorInputs!$A$2:$A$888,FactorInputs!$F$2:$F$888,"") -> job/MW | T67: =_xlfn.XLOOKUP(B67,FactorInputs!$A$2:$A$888,FactorInputs!$B$2:$B$888,"") -> JEDI-US | U67: =_xlfn.XLOOKUP(B67,FactorInputs!$A$2:$A$888,FactorInputs!$T$2:$T$888,"") -> JEDI-US | V67: =Q67*R67 -> 5.8192607 | W67: Isolated-area rooftop solar mapped to the available rooftop solar factor.
A68: =D68&"|"&I68&"|"&F68&"|"&G68&"|"&H68 -> PD|AccumulatedNewCapacity|RE1|PWRSOLUGE|2034 | B68: =O68&"|"&H68&"|"&K68&"|"&L68 -> Utility-scale solar PV|2034|O&M|Direct | C68: =G68&"|"&O68 -> PWRSOLUGE|Utility-scale solar PV | D68: PD | E68: simulation_328_results_filtered_PD.xlsx | F68: RE1 | G68: PWRSOLUGE | H68: 2034 | I68: AccumulatedNewCapacity | J68: EmploymentOMDirect | K68: O&M | L68: Direct | M68: =SUMIFS(RawResultsLong!$P:$P,RawResultsLong!$A:$A,A68) -> 143.39419 | N68: =M68*1000/31.5576 -> 4543.8877 | O68: Utility-scale solar PV | P68: =SUMIFS(TechnologyMapping!$D:$D,TechnologyMapping!$A:$A,C68) -> 1 | Q68: =N68*P68 -> 4543.8877 | R68: =SUMIFS(FactorInputs!$I:$I,FactorInputs!$A:$A,B68) -> 0.079808108 | S68: =_xlfn.XLOOKUP(B68,FactorInputs!$A$2:$A$888,FactorInputs!$F$2:$F$888,"") -> job/MW | T68: =_xlfn.XLOOKUP(B68,FactorInputs!$A$2:$A$888,FactorInputs!$B$2:$B$888,"") -> I-JEDI | U68: =_xlfn.XLOOKUP(B68,FactorInputs!$A$2:$A$888,FactorInputs!$T$2:$T$888,"") -> I-JEDI | V68: =Q68*R68 -> 362.63908
A69: =D69&"|"&I69&"|"&F69&"|"&G69&"|"&H69 -> PD|AccumulatedNewCapacity|RE1|PWRSOLUPE|2034 | B69: =O69&"|"&H69&"|"&K69&"|"&L69 -> Utility-scale solar PV|2034|O&M|Direct | C69: =G69&"|"&O69 -> PWRSOLUPE|Utility-scale solar PV | D69: PD | E69: simulation_328_results_filtered_PD.xlsx | F69: RE1 | G69: PWRSOLUPE | H69: 2034 | I69: AccumulatedNewCapacity | J69: EmploymentOMDirect | K69: O&M | L69: Direct | M69: =SUMIFS(RawResultsLong!$P:$P,RawResultsLong!$A:$A,A69) -> 12.144198 | N69: =M69*1000/31.5576 -> 384.82642 | O69: Utility-scale solar PV | P69: =SUMIFS(TechnologyMapping!$D:$D,TechnologyMapping!$A:$A,C69) -> 1 | Q69: =N69*P69 -> 384.82642 | R69: =SUMIFS(FactorInputs!$I:$I,FactorInputs!$A:$A,B69) -> 0.079808108 | S69: =_xlfn.XLOOKUP(B69,FactorInputs!$A$2:$A$888,FactorInputs!$F$2:$F$888,"") -> job/MW | T69: =_xlfn.XLOOKUP(B69,FactorInputs!$A$2:$A$888,FactorInputs!$B$2:$B$888,"") -> I-JEDI | U69: =_xlfn.XLOOKUP(B69,FactorInputs!$A$2:$A$888,FactorInputs!$T$2:$T$888,"") -> I-JEDI | V69: =Q69*R69 -> 30.712269 | W69: Small-scale solar parks mapped to the available utility-scale solar PV factor.
A70: =D70&"|"&I70&"|"&F70&"|"&G70&"|"&H70 -> PD|AccumulatedNewCapacity|RE1|PWRWNDONS|2034 | B70: =O70&"|"&H70&"|"&K70&"|"&L70 -> Onshore wind|2034|O&M|Direct | C70: =G70&"|"&O70 -> PWRWNDONS|Onshore wind | D70: PD | E70: simulation_328_results_filtered_PD.xlsx | F70: RE1 | G70: PWRWNDONS | H70: 2034 | I70: AccumulatedNewCapacity | J70: EmploymentOMDirect | K70: O&M | L70: Direct | M70: =SUMIFS(RawResultsLong!$P:$P,RawResultsLong!$A:$A,A70) -> 33.266423 | N70: =M70*1000/31.5576 -> 1054.1493 | O70: Onshore wind | P70: =SUMIFS(TechnologyMapping!$D:$D,TechnologyMapping!$A:$A,C70) -> 1 | Q70: =N70*P70 -> 1054.1493 | R70: =SUMIFS(FactorInputs!$I:$I,FactorInputs!$A:$A,B70) -> 0.028160584 | S70: =_xlfn.XLOOKUP(B70,FactorInputs!$A$2:$A$888,FactorInputs!$F$2:$F$888,"") -> job/MW | T70: =_xlfn.XLOOKUP(B70,FactorInputs!$A$2:$A$888,FactorInputs!$B$2:$B$888,"") -> I-JEDI | U70: =_xlfn.XLOOKUP(B70,FactorInputs!$A$2:$A$888,FactorInputs!$T$2:$T$888,"") -> I-JEDI | V70: =Q70*R70 -> 29.685461
A71: =D71&"|"&I71&"|"&F71&"|"&G71&"|"&H71 -> PD|NewCapacity|RE1|PWRSOLRTP|2034 | B71: =O71&"|"&H71&"|"&K71&"|"&L71 -> Rooftop solar PV|2034|Construction&Manufacturing|Direct | C71: =G71&"|"&O71 -> PWRSOLRTP|Rooftop solar PV | D71: PD | E71: simulation_328_results_filtered_PD.xlsx | F71: RE1 | G71: PWRSOLRTP | H71: 2034 | I71: NewCapacity | J71: EmploymentConstructionManufacturingDirect | K71: Construction&Manufacturing | L71: Direct | M71: =SUMIFS(RawResultsLong!$P:$P,RawResultsLong!$A:$A,A71) -> 6.3411541 | N71: =M71*1000/31.5576 -> 200.93905 | O71: Rooftop solar PV | P71: =SUMIFS(TechnologyMapping!$D:$D,TechnologyMapping!$A:$A,C71) -> 1 | Q71: =N71*P71 -> 200.93905 | R71: =SUMIFS(FactorInputs!$I:$I,FactorInputs!$A:$A,B71) -> 6.0114883 | S71: =_xlfn.XLOOKUP(B71,FactorInputs!$A$2:$A$888,FactorInputs!$F$2:$F$888,"") -> job-yr/MW | T71: =_xlfn.XLOOKUP(B71,FactorInputs!$A$2:$A$888,FactorInputs!$B$2:$B$888,"") -> JEDI-US | U71: =_xlfn.XLOOKUP(B71,FactorInputs!$A$2:$A$888,FactorInputs!$T$2:$T$888,"") -> JEDI-US | V71: =Q71*R71 -> 1207.9427
A72: =D72&"|"&I72&"|"&F72&"|"&G72&"|"&H72 -> PD|NewCapacity|RE1|PWRSOLRTP_ZNI|2034 | B72: =O72&"|"&H72&"|"&K72&"|"&L72 -> Rooftop solar PV|2034|Construction&Manufacturing|Direct | C72: =G72&"|"&O72 -> PWRSOLRTP_ZNI|Rooftop solar PV | D72: PD | E72: simulation_328_results_filtered_PD.xlsx | F72: RE1 | G72: PWRSOLRTP_ZNI | H72: 2034 | I72: NewCapacity | J72: EmploymentConstructionManufacturingDirect | K72: Construction&Manufacturing | L72: Direct | M72: =SUMIFS(RawResultsLong!$P:$P,RawResultsLong!$A:$A,A72) -> 0.036404693 | N72: =M72*1000/31.5576 -> 1.1535951 | O72: Rooftop solar PV | P72: =SUMIFS(TechnologyMapping!$D:$D,TechnologyMapping!$A:$A,C72) -> 1 | Q72: =N72*P72 -> 1.1535951 | R72: =SUMIFS(FactorInputs!$I:$I,FactorInputs!$A:$A,B72) -> 6.0114883 | S72: =_xlfn.XLOOKUP(B72,FactorInputs!$A$2:$A$888,FactorInputs!$F$2:$F$888,"") -> job-yr/MW | T72: =_xlfn.XLOOKUP(B72,FactorInputs!$A$2:$A$888,FactorInputs!$B$2:$B$888,"") -> JEDI-US | U72: =_xlfn.XLOOKUP(B72,FactorInputs!$A$2:$A$888,FactorInputs!$T$2:$T$888,"") -> JEDI-US | V72: =Q72*R72 -> 6.9348235 | W72: Isolated-area rooftop solar mapped to the available rooftop solar factor.
A73: =D73&"|"&I73&"|"&F73&"|"&G73&"|"&H73 -> PD|AccumulatedNewCapacity|RE1|PWRHYDDAM|2035 | B73: =O73&"|"&H73&"|"&K73&"|"&L73 -> Hydro (large)|2035|O&M|Direct | C73: =G73&"|"&O73 -> PWRHYDDAM|Hydro (large) | D73: PD | E73: simulation_328_results_filtered_PD.xlsx | F73: RE1 | G73: PWRHYDDAM | H73: 2035 | I73: AccumulatedNewCapacity | J73: EmploymentOMDirect | K73: O&M | L73: Direct | M73: =SUMIFS(RawResultsLong!$P:$P,RawResultsLong!$A:$A,A73) -> 37.84 | N73: =M73*1000/31.5576 -> 1199.0772 | O73: Hydro (large) | P73: =SUMIFS(TechnologyMapping!$D:$D,TechnologyMapping!$A:$A,C73) -> 1 | Q73: =N73*P73 -> 1199.0772 | R73: =SUMIFS(FactorInputs!$I:$I,FactorInputs!$A:$A,B73) -> 0.64112295 | S73: =_xlfn.XLOOKUP(B73,FactorInputs!$A$2:$A$888,FactorInputs!$F$2:$F$888,"") -> job/MW | T73: =_xlfn.XLOOKUP(B73,FactorInputs!$A$2:$A$888,FactorInputs!$B$2:$B$888,"") -> Rutovitz 2015 | U73: =_xlfn.XLOOKUP(B73,FactorInputs!$A$2:$A$888,FactorInputs!$T$2:$T$888,"") -> Rutovitz 2015 | V73: =Q73*R73 -> 768.75594
A74: =D74&"|"&I74&"|"&F74&"|"&G74&"|"&H74 -> PD|AccumulatedNewCapacity|RE1|PWRSOLRTP|2035 | B74: =O74&"|"&H74&"|"&K74&"|"&L74 -> Rooftop solar PV|2035|O&M|Direct | C74: =G74&"|"&O74 -> PWRSOLRTP|Rooftop solar PV | D74: PD | E74: simulation_328_results_filtered_PD.xlsx | F74: RE1 | G74: PWRSOLRTP | H74: 2035 | I74: AccumulatedNewCapacity | J74: EmploymentOMDirect | K74: O&M | L74: Direct | M74: =SUMIFS(RawResultsLong!$P:$P,RawResultsLong!$A:$A,A74) -> 89.26409 | N74: =M74*1000/31.5576 -> 2828.6083 | O74: Rooftop solar PV | P74: =SUMIFS(TechnologyMapping!$D:$D,TechnologyMapping!$A:$A,C74) -> 1 | Q74: =N74*P74 -> 2828.6083 | R74: =SUMIFS(FactorInputs!$I:$I,FactorInputs!$A:$A,B74) -> 0.2475 | S74: =_xlfn.XLOOKUP(B74,FactorInputs!$A$2:$A$888,FactorInputs!$F$2:$F$888,"") -> job/MW | T74: =_xlfn.XLOOKUP(B74,FactorInputs!$A$2:$A$888,FactorInputs!$B$2:$B$888,"") -> JEDI-US | U74: =_xlfn.XLOOKUP(B74,FactorInputs!$A$2:$A$888,FactorInputs!$T$2:$T$888,"") -> JEDI-US | V74: =Q74*R74 -> 700.08056
A75: =D75&"|"&I75&"|"&F75&"|"&G75&"|"&H75 -> PD|AccumulatedNewCapacity|RE1|PWRSOLRTP_ZNI|2035 | B75: =O75&"|"&H75&"|"&K75&"|"&L75 -> Rooftop solar PV|2035|O&M|Direct | C75: =G75&"|"&O75 -> PWRSOLRTP_ZNI|Rooftop solar PV | D75: PD | E75: simulation_328_results_filtered_PD.xlsx | F75: RE1 | G75: PWRSOLRTP_ZNI | H75: 2035 | I75: AccumulatedNewCapacity | J75: EmploymentOMDirect | K75: O&M | L75: Direct | M75: =SUMIFS(RawResultsLong!$P:$P,RawResultsLong!$A:$A,A75) -> 0.77268918 | N75: =M75*1000/31.5576 -> 24.485043 | O75: Rooftop solar PV | P75: =SUMIFS(TechnologyMapping!$D:$D,TechnologyMapping!$A:$A,C75) -> 1 | Q75: =N75*P75 -> 24.485043 | R75: =SUMIFS(FactorInputs!$I:$I,FactorInputs!$A:$A,B75) -> 0.2475 | S75: =_xlfn.XLOOKUP(B75,FactorInputs!$A$2:$A$888,FactorInputs!$F$2:$F$888,"") -> job/MW | T75: =_xlfn.XLOOKUP(B75,FactorInputs!$A$2:$A$888,FactorInputs!$B$2:$B$888,"") -> JEDI-US | U75: =_xlfn.XLOOKUP(B75,FactorInputs!$A$2:$A$888,FactorInputs!$T$2:$T$888,"") -> JEDI-US | V75: =Q75*R75 -> 6.0600481 | W75: Isolated-area rooftop solar mapped to the available rooftop solar factor.
A76: =D76&"|"&I76&"|"&F76&"|"&G76&"|"&H76 -> PD|AccumulatedNewCapacity|RE1|PWRSOLUGE|2035 | B76: =O76&"|"&H76&"|"&K76&"|"&L76 -> Utility-scale solar PV|2035|O&M|Direct | C76: =G76&"|"&O76 -> PWRSOLUGE|Utility-scale solar PV | D76: PD | E76: simulation_328_results_filtered_PD.xlsx | F76: RE1 | G76: PWRSOLUGE | H76: 2035 | I76: AccumulatedNewCapacity | J76: EmploymentOMDirect | K76: O&M | L76: Direct | M76: =SUMIFS(RawResultsLong!$P:$P,RawResultsLong!$A:$A,A76) -> 143.39419 | N76: =M76*1000/31.5576 -> 4543.8877 | O76: Utility-scale solar PV | P76: =SUMIFS(TechnologyMapping!$D:$D,TechnologyMapping!$A:$A,C76) -> 1 | Q76: =N76*P76 -> 4543.8877 | R76: =SUMIFS(FactorInputs!$I:$I,FactorInputs!$A:$A,B76) -> 0.079221284 | S76: =_xlfn.XLOOKUP(B76,FactorInputs!$A$2:$A$888,FactorInputs!$F$2:$F$888,"") -> job/MW | T76: =_xlfn.XLOOKUP(B76,FactorInputs!$A$2:$A$888,FactorInputs!$B$2:$B$888,"") -> I-JEDI | U76: =_xlfn.XLOOKUP(B76,FactorInputs!$A$2:$A$888,FactorInputs!$T$2:$T$888,"") -> I-JEDI | V76: =Q76*R76 -> 359.97262
A77: =D77&"|"&I77&"|"&F77&"|"&G77&"|"&H77 -> PD|AccumulatedNewCapacity|RE1|PWRSOLUPE|2035 | B77: =O77&"|"&H77&"|"&K77&"|"&L77 -> Utility-scale solar PV|2035|O&M|Direct | C77: =G77&"|"&O77 -> PWRSOLUPE|Utility-scale solar PV | D77: PD | E77: simulation_328_results_filtered_PD.xlsx | F77: RE1 | G77: PWRSOLUPE | H77: 2035 | I77: AccumulatedNewCapacity | J77: EmploymentOMDirect | K77: O&M | L77: Direct | M77: =SUMIFS(RawResultsLong!$P:$P,RawResultsLong!$A:$A,A77) -> 12.144198 | N77: =M77*1000/31.5576 -> 384.82642 | O77: Utility-scale solar PV | P77: =SUMIFS(TechnologyMapping!$D:$D,TechnologyMapping!$A:$A,C77) -> 1 | Q77: =N77*P77 -> 384.82642 | R77: =SUMIFS(FactorInputs!$I:$I,FactorInputs!$A:$A,B77) -> 0.079221284 | S77: =_xlfn.XLOOKUP(B77,FactorInputs!$A$2:$A$888,FactorInputs!$F$2:$F$888,"") -> job/MW | T77: =_xlfn.XLOOKUP(B77,FactorInputs!$A$2:$A$888,FactorInputs!$B$2:$B$888,"") -> I-JEDI | U77: =_xlfn.XLOOKUP(B77,FactorInputs!$A$2:$A$888,FactorInputs!$T$2:$T$888,"") -> I-JEDI | V77: =Q77*R77 -> 30.486443 | W77: Small-scale solar parks mapped to the available utility-scale solar PV factor.
A78: =D78&"|"&I78&"|"&F78&"|"&G78&"|"&H78 -> PD|AccumulatedNewCapacity|RE1|PWRWNDONS|2035 | B78: =O78&"|"&H78&"|"&K78&"|"&L78 -> Onshore wind|2035|O&M|Direct | C78: =G78&"|"&O78 -> PWRWNDONS|Onshore wind | D78: PD | E78: simulation_328_results_filtered_PD.xlsx | F78: RE1 | G78: PWRWNDONS | H78: 2035 | I78: AccumulatedNewCapacity | J78: EmploymentOMDirect | K78: O&M | L78: Direct | M78: =SUMIFS(RawResultsLong!$P:$P,RawResultsLong!$A:$A,A78) -> 80.576423 | N78: =M78*1000/31.5576 -> 2553.3128 | O78: Onshore wind | P78: =SUMIFS(TechnologyMapping!$D:$D,TechnologyMapping!$A:$A,C78) -> 1 | Q78: =N78*P78 -> 2553.3128 | R78: =SUMIFS(FactorInputs!$I:$I,FactorInputs!$A:$A,B78) -> 0.028083942 | S78: =_xlfn.XLOOKUP(B78,FactorInputs!$A$2:$A$888,FactorInputs!$F$2:$F$888,"") -> job/MW | T78: =_xlfn.XLOOKUP(B78,FactorInputs!$A$2:$A$888,FactorInputs!$B$2:$B$888,"") -> I-JEDI | U78: =_xlfn.XLOOKUP(B78,FactorInputs!$A$2:$A$888,FactorInputs!$T$2:$T$888,"") -> I-JEDI | V78: =Q78*R78 -> 71.707087
A79: =D79&"|"&I79&"|"&F79&"|"&G79&"|"&H79 -> PD|NewCapacity|RE1|PWRSOLRTP|2035 | B79: =O79&"|"&H79&"|"&K79&"|"&L79 -> Rooftop solar PV|2035|Construction&Manufacturing|Direct | C79: =G79&"|"&O79 -> PWRSOLRTP|Rooftop solar PV | D79: PD | E79: simulation_328_results_filtered_PD.xlsx | F79: RE1 | G79: PWRSOLRTP | H79: 2035 | I79: NewCapacity | J79: EmploymentConstructionManufacturingDirect | K79: Construction&Manufacturing | L79: Direct | M79: =SUMIFS(RawResultsLong!$P:$P,RawResultsLong!$A:$A,A79) -> 5.2314521 | N79: =M79*1000/31.5576 -> 165.77471 | O79: Rooftop solar PV | P79: =SUMIFS(TechnologyMapping!$D:$D,TechnologyMapping!$A:$A,C79) -> 1 | Q79: =N79*P79 -> 165.77471 | R79: =SUMIFS(FactorInputs!$I:$I,FactorInputs!$A:$A,B79) -> 5.9058053 | S79: =_xlfn.XLOOKUP(B79,FactorInputs!$A$2:$A$888,FactorInputs!$F$2:$F$888,"") -> job-yr/MW | T79: =_xlfn.XLOOKUP(B79,FactorInputs!$A$2:$A$888,FactorInputs!$B$2:$B$888,"") -> JEDI-US | U79: =_xlfn.XLOOKUP(B79,FactorInputs!$A$2:$A$888,FactorInputs!$T$2:$T$888,"") -> JEDI-US | V79: =Q79*R79 -> 979.03319
A80: =D80&"|"&I80&"|"&F80&"|"&G80&"|"&H80 -> PD|NewCapacity|RE1|PWRSOLRTP_ZNI|2035 | B80: =O80&"|"&H80&"|"&K80&"|"&L80 -> Rooftop solar PV|2035|Construction&Manufacturing|Direct | C80: =G80&"|"&O80 -> PWRSOLRTP_ZNI|Rooftop solar PV | D80: PD | E80: simulation_328_results_filtered_PD.xlsx | F80: RE1 | G80: PWRSOLRTP_ZNI | H80: 2035 | I80: NewCapacity | J80: EmploymentConstructionManufacturingDirect | K80: Construction&Manufacturing | L80: Direct | M80: =SUMIFS(RawResultsLong!$P:$P,RawResultsLong!$A:$A,A80) -> 0.036736256 | N80: =M80*1000/31.5576 -> 1.1641017 | O80: Rooftop solar PV | P80: =SUMIFS(TechnologyMapping!$D:$D,TechnologyMapping!$A:$A,C80) -> 1 | Q80: =N80*P80 -> 1.1641017 | R80: =SUMIFS(FactorInputs!$I:$I,FactorInputs!$A:$A,B80) -> 5.9058053 | S80: =_xlfn.XLOOKUP(B80,FactorInputs!$A$2:$A$888,FactorInputs!$F$2:$F$888,"") -> job-yr/MW | T80: =_xlfn.XLOOKUP(B80,FactorInputs!$A$2:$A$888,FactorInputs!$B$2:$B$888,"") -> JEDI-US | U80: =_xlfn.XLOOKUP(B80,FactorInputs!$A$2:$A$888,FactorInputs!$T$2:$T$888,"") -> JEDI-US | V80: =Q80*R80 -> 6.874958 | W80: Isolated-area rooftop solar mapped to the available rooftop solar factor.
A81: =D81&"|"&I81&"|"&F81&"|"&G81&"|"&H81 -> PD|NewCapacity|RE1|PWRWNDONS|2035 | B81: =O81&"|"&H81&"|"&K81&"|"&L81 -> Onshore wind|2035|Construction&Manufacturing|Direct | C81: =G81&"|"&O81 -> PWRWNDONS|Onshore wind | D81: PD | E81: simulation_328_results_filtered_PD.xlsx | F81: RE1 | G81: PWRWNDONS | H81: 2035 | I81: NewCapacity | J81: EmploymentConstructionManufacturingDirect | K81: Construction&Manufacturing | L81: Direct | M81: =SUMIFS(RawResultsLong!$P:$P,RawResultsLong!$A:$A,A81) -> 47.31 | N81: =M81*1000/31.5576 -> 1499.1634 | O81: Onshore wind | P81: =SUMIFS(TechnologyMapping!$D:$D,TechnologyMapping!$A:$A,C81) -> 1 | Q81: =N81*P81 -> 1499.1634 | R81: =SUMIFS(FactorInputs!$I:$I,FactorInputs!$A:$A,B81) -> 6.7863862 | S81: =_xlfn.XLOOKUP(B81,FactorInputs!$A$2:$A$888,FactorInputs!$F$2:$F$888,"") -> job-yr/MW | T81: =_xlfn.XLOOKUP(B81,FactorInputs!$A$2:$A$888,FactorInputs!$B$2:$B$888,"") -> I-JEDI | U81: =_xlfn.XLOOKUP(B81,FactorInputs!$A$2:$A$888,FactorInputs!$T$2:$T$888,"") -> I-JEDI | V81: =Q81*R81 -> 10173.902
A82: =D82&"|"&I82&"|"&F82&"|"&G82&"|"&H82 -> PD|AccumulatedNewCapacity|RE1|PWRHYDDAM|2036 | B82: =O82&"|"&H82&"|"&K82&"|"&L82 -> Hydro (large)|2036|O&M|Direct | C82: =G82&"|"&O82 -> PWRHYDDAM|Hydro (large) | D82: PD | E82: simulation_328_results_filtered_PD.xlsx | F82: RE1 | G82: PWRHYDDAM | H82: 2036 | I82: AccumulatedNewCapacity | J82: EmploymentOMDirect | K82: O&M | L82: Direct | M82: =SUMIFS(RawResultsLong!$P:$P,RawResultsLong!$A:$A,A82) -> 37.84 | N82: =M82*1000/31.5576 -> 1199.0772 | O82: Hydro (large) | P82: =SUMIFS(TechnologyMapping!$D:$D,TechnologyMapping!$A:$A,C82) -> 1 | Q82: =N82*P82 -> 1199.0772 | R82: =SUMIFS(FactorInputs!$I:$I,FactorInputs!$A:$A,B82) -> 0.64094754 | S82: =_xlfn.XLOOKUP(B82,FactorInputs!$A$2:$A$888,FactorInputs!$F$2:$F$888,"") -> job/MW | T82: =_xlfn.XLOOKUP(B82,FactorInputs!$A$2:$A$888,FactorInputs!$B$2:$B$888,"") -> Rutovitz 2015 | U82: =_xlfn.XLOOKUP(B82,FactorInputs!$A$2:$A$888,FactorInputs!$T$2:$T$888,"") -> Rutovitz 2015 | V82: =Q82*R82 -> 768.54561
A83: =D83&"|"&I83&"|"&F83&"|"&G83&"|"&H83 -> PD|AccumulatedNewCapacity|RE1|PWRSOLRTP|2036 | B83: =O83&"|"&H83&"|"&K83&"|"&L83 -> Rooftop solar PV|2036|O&M|Direct | C83: =G83&"|"&O83 -> PWRSOLRTP|Rooftop solar PV | D83: PD | E83: simulation_328_results_filtered_PD.xlsx | F83: RE1 | G83: PWRSOLRTP | H83: 2036 | I83: AccumulatedNewCapacity | J83: EmploymentOMDirect | K83: O&M | L83: Direct | M83: =SUMIFS(RawResultsLong!$P:$P,RawResultsLong!$A:$A,A83) -> 93.544369 | N83: =M83*1000/31.5576 -> 2964.2422 | O83: Rooftop solar PV | P83: =SUMIFS(TechnologyMapping!$D:$D,TechnologyMapping!$A:$A,C83) -> 1 | Q83: =N83*P83 -> 2964.2422 | R83: =SUMIFS(FactorInputs!$I:$I,FactorInputs!$A:$A,B83) -> 0.24547059 | S83: =_xlfn.XLOOKUP(B83,FactorInputs!$A$2:$A$888,FactorInputs!$F$2:$F$888,"") -> job/MW | T83: =_xlfn.XLOOKUP(B83,FactorInputs!$A$2:$A$888,FactorInputs!$B$2:$B$888,"") -> JEDI-US | U83: =_xlfn.XLOOKUP(B83,FactorInputs!$A$2:$A$888,FactorInputs!$T$2:$T$888,"") -> JEDI-US | V83: =Q83*R83 -> 727.63427
A84: =D84&"|"&I84&"|"&F84&"|"&G84&"|"&H84 -> PD|AccumulatedNewCapacity|RE1|PWRSOLRTP_ZNI|2036 | B84: =O84&"|"&H84&"|"&K84&"|"&L84 -> Rooftop solar PV|2036|O&M|Direct | C84: =G84&"|"&O84 -> PWRSOLRTP_ZNI|Rooftop solar PV | D84: PD | E84: simulation_328_results_filtered_PD.xlsx | F84: RE1 | G84: PWRSOLRTP_ZNI | H84: 2036 | I84: AccumulatedNewCapacity | J84: EmploymentOMDirect | K84: O&M | L84: Direct | M84: =SUMIFS(RawResultsLong!$P:$P,RawResultsLong!$A:$A,A84) -> 0.81018117 | N84: =M84*1000/31.5576 -> 25.673092 | O84: Rooftop solar PV | P84: =SUMIFS(TechnologyMapping!$D:$D,TechnologyMapping!$A:$A,C84) -> 1 | Q84: =N84*P84 -> 25.673092 | R84: =SUMIFS(FactorInputs!$I:$I,FactorInputs!$A:$A,B84) -> 0.24547059 | S84: =_xlfn.XLOOKUP(B84,FactorInputs!$A$2:$A$888,FactorInputs!$F$2:$F$888,"") -> job/MW | T84: =_xlfn.XLOOKUP(B84,FactorInputs!$A$2:$A$888,FactorInputs!$B$2:$B$888,"") -> JEDI-US | U84: =_xlfn.XLOOKUP(B84,FactorInputs!$A$2:$A$888,FactorInputs!$T$2:$T$888,"") -> JEDI-US | V84: =Q84*R84 -> 6.301989 | W84: Isolated-area rooftop solar mapped to the available rooftop solar factor.
A85: =D85&"|"&I85&"|"&F85&"|"&G85&"|"&H85 -> PD|AccumulatedNewCapacity|RE1|PWRSOLUGE|2036 | B85: =O85&"|"&H85&"|"&K85&"|"&L85 -> Utility-scale solar PV|2036|O&M|Direct | C85: =G85&"|"&O85 -> PWRSOLUGE|Utility-scale solar PV | D85: PD | E85: simulation_328_results_filtered_PD.xlsx | F85: RE1 | G85: PWRSOLUGE | H85: 2036 | I85: AccumulatedNewCapacity | J85: EmploymentOMDirect | K85: O&M | L85: Direct | M85: =SUMIFS(RawResultsLong!$P:$P,RawResultsLong!$A:$A,A85) -> 143.39419 | N85: =M85*1000/31.5576 -> 4543.8877 | O85: Utility-scale solar PV | P85: =SUMIFS(TechnologyMapping!$D:$D,TechnologyMapping!$A:$A,C85) -> 1 | Q85: =N85*P85 -> 4543.8877 | R85: =SUMIFS(FactorInputs!$I:$I,FactorInputs!$A:$A,B85) -> 0.078634459 | S85: =_xlfn.XLOOKUP(B85,FactorInputs!$A$2:$A$888,FactorInputs!$F$2:$F$888,"") -> job/MW | T85: =_xlfn.XLOOKUP(B85,FactorInputs!$A$2:$A$888,FactorInputs!$B$2:$B$888,"") -> I-JEDI | U85: =_xlfn.XLOOKUP(B85,FactorInputs!$A$2:$A$888,FactorInputs!$T$2:$T$888,"") -> I-JEDI | V85: =Q85*R85 -> 357.30616
A86: =D86&"|"&I86&"|"&F86&"|"&G86&"|"&H86 -> PD|AccumulatedNewCapacity|RE1|PWRSOLUPE|2036 | B86: =O86&"|"&H86&"|"&K86&"|"&L86 -> Utility-scale solar PV|2036|O&M|Direct | C86: =G86&"|"&O86 -> PWRSOLUPE|Utility-scale solar PV | D86: PD | E86: simulation_328_results_filtered_PD.xlsx | F86: RE1 | G86: PWRSOLUPE | H86: 2036 | I86: AccumulatedNewCapacity | J86: EmploymentOMDirect | K86: O&M | L86: Direct | M86: =SUMIFS(RawResultsLong!$P:$P,RawResultsLong!$A:$A,A86) -> 12.144198 | N86: =M86*1000/31.5576 -> 384.82642 | O86: Utility-scale solar PV | P86: =SUMIFS(TechnologyMapping!$D:$D,TechnologyMapping!$A:$A,C86) -> 1 | Q86: =N86*P86 -> 384.82642 | R86: =SUMIFS(FactorInputs!$I:$I,FactorInputs!$A:$A,B86) -> 0.078634459 | S86: =_xlfn.XLOOKUP(B86,FactorInputs!$A$2:$A$888,FactorInputs!$F$2:$F$888,"") -> job/MW | T86: =_xlfn.XLOOKUP(B86,FactorInputs!$A$2:$A$888,FactorInputs!$B$2:$B$888,"") -> I-JEDI | U86: =_xlfn.XLOOKUP(B86,FactorInputs!$A$2:$A$888,FactorInputs!$T$2:$T$888,"") -> I-JEDI | V86: =Q86*R86 -> 30.260618 | W86: Small-scale solar parks mapped to the available utility-scale solar PV factor.
A87: =D87&"|"&I87&"|"&F87&"|"&G87&"|"&H87 -> PD|AccumulatedNewCapacity|RE1|PWRWNDONS|2036 | B87: =O87&"|"&H87&"|"&K87&"|"&L87 -> Onshore wind|2036|O&M|Direct | C87: =G87&"|"&O87 -> PWRWNDONS|Onshore wind | D87: PD | E87: simulation_328_results_filtered_PD.xlsx | F87: RE1 | G87: PWRWNDONS | H87: 2036 | I87: AccumulatedNewCapacity | J87: EmploymentOMDirect | K87: O&M | L87: Direct | M87: =SUMIFS(RawResultsLong!$P:$P,RawResultsLong!$A:$A,A87) -> 127.44667 | N87: =M87*1000/31.5576 -> 4038.5413 | O87: Onshore wind | P87: =SUMIFS(TechnologyMapping!$D:$D,TechnologyMapping!$A:$A,C87) -> 1 | Q87: =N87*P87 -> 4038.5413 | R87: =SUMIFS(FactorInputs!$I:$I,FactorInputs!$A:$A,B87) -> 0.028007299 | S87: =_xlfn.XLOOKUP(B87,FactorInputs!$A$2:$A$888,FactorInputs!$F$2:$F$888,"") -> job/MW | T87: =_xlfn.XLOOKUP(B87,FactorInputs!$A$2:$A$888,FactorInputs!$B$2:$B$888,"") -> I-JEDI | U87: =_xlfn.XLOOKUP(B87,FactorInputs!$A$2:$A$888,FactorInputs!$T$2:$T$888,"") -> I-JEDI | V87: =Q87*R87 -> 113.10863
A88: =D88&"|"&I88&"|"&F88&"|"&G88&"|"&H88 -> PD|NewCapacity|RE1|PWRSOLRTP|2036 | B88: =O88&"|"&H88&"|"&K88&"|"&L88 -> Rooftop solar PV|2036|Construction&Manufacturing|Direct | C88: =G88&"|"&O88 -> PWRSOLRTP|Rooftop solar PV | D88: PD | E88: simulation_328_results_filtered_PD.xlsx | F88: RE1 | G88: PWRSOLRTP | H88: 2036 | I88: NewCapacity | J88: EmploymentConstructionManufacturingDirect | K88: Construction&Manufacturing | L88: Direct | M88: =SUMIFS(RawResultsLong!$P:$P,RawResultsLong!$A:$A,A88) -> 4.280279 | N88: =M88*1000/31.5576 -> 135.63386 | O88: Rooftop solar PV | P88: =SUMIFS(TechnologyMapping!$D:$D,TechnologyMapping!$A:$A,C88) -> 1 | Q88: =N88*P88 -> 135.63386 | R88: =SUMIFS(FactorInputs!$I:$I,FactorInputs!$A:$A,B88) -> 5.8001224 | S88: =_xlfn.XLOOKUP(B88,FactorInputs!$A$2:$A$888,FactorInputs!$F$2:$F$888,"") -> job-yr/MW | T88: =_xlfn.XLOOKUP(B88,FactorInputs!$A$2:$A$888,FactorInputs!$B$2:$B$888,"") -> JEDI-US | U88: =_xlfn.XLOOKUP(B88,FactorInputs!$A$2:$A$888,FactorInputs!$T$2:$T$888,"") -> JEDI-US | V88: =Q88*R88 -> 786.69297
A89: =D89&"|"&I89&"|"&F89&"|"&G89&"|"&H89 -> PD|NewCapacity|RE1|PWRSOLRTP_ZNI|2036 | B89: =O89&"|"&H89&"|"&K89&"|"&L89 -> Rooftop solar PV|2036|Construction&Manufacturing|Direct | C89: =G89&"|"&O89 -> PWRSOLRTP_ZNI|Rooftop solar PV | D89: PD | E89: simulation_328_results_filtered_PD.xlsx | F89: RE1 | G89: PWRSOLRTP_ZNI | H89: 2036 | I89: NewCapacity | J89: EmploymentConstructionManufacturingDirect | K89: Construction&Manufacturing | L89: Direct | M89: =SUMIFS(RawResultsLong!$P:$P,RawResultsLong!$A:$A,A89) -> 0.037491981 | N89: =M89*1000/31.5576 -> 1.1880492 | O89: Rooftop solar PV | P89: =SUMIFS(TechnologyMapping!$D:$D,TechnologyMapping!$A:$A,C89) -> 1 | Q89: =N89*P89 -> 1.1880492 | R89: =SUMIFS(FactorInputs!$I:$I,FactorInputs!$A:$A,B89) -> 5.8001224 | S89: =_xlfn.XLOOKUP(B89,FactorInputs!$A$2:$A$888,FactorInputs!$F$2:$F$888,"") -> job-yr/MW | T89: =_xlfn.XLOOKUP(B89,FactorInputs!$A$2:$A$888,FactorInputs!$B$2:$B$888,"") -> JEDI-US | U89: =_xlfn.XLOOKUP(B89,FactorInputs!$A$2:$A$888,FactorInputs!$T$2:$T$888,"") -> JEDI-US | V89: =Q89*R89 -> 6.8908307 | W89: Isolated-area rooftop solar mapped to the available rooftop solar factor.
A90: =D90&"|"&I90&"|"&F90&"|"&G90&"|"&H90 -> PD|NewCapacity|RE1|PWRWNDONS|2036 | B90: =O90&"|"&H90&"|"&K90&"|"&L90 -> Onshore wind|2036|Construction&Manufacturing|Direct | C90: =G90&"|"&O90 -> PWRWNDONS|Onshore wind | D90: PD | E90: simulation_328_results_filtered_PD.xlsx | F90: RE1 | G90: PWRWNDONS | H90: 2036 | I90: NewCapacity | J90: EmploymentConstructionManufacturingDirect | K90: Construction&Manufacturing | L90: Direct | M90: =SUMIFS(RawResultsLong!$P:$P,RawResultsLong!$A:$A,A90) -> 46.870247 | N90: =M90*1000/31.5576 -> 1485.2285 | O90: Onshore wind | P90: =SUMIFS(TechnologyMapping!$D:$D,TechnologyMapping!$A:$A,C90) -> 1 | Q90: =N90*P90 -> 1485.2285 | R90: =SUMIFS(FactorInputs!$I:$I,FactorInputs!$A:$A,B90) -> 6.7681445 | S90: =_xlfn.XLOOKUP(B90,FactorInputs!$A$2:$A$888,FactorInputs!$F$2:$F$888,"") -> job-yr/MW | T90: =_xlfn.XLOOKUP(B90,FactorInputs!$A$2:$A$888,FactorInputs!$B$2:$B$888,"") -> I-JEDI | U90: =_xlfn.XLOOKUP(B90,FactorInputs!$A$2:$A$888,FactorInputs!$T$2:$T$888,"") -> I-JEDI | V90: =Q90*R90 -> 10052.241
A91: =D91&"|"&I91&"|"&F91&"|"&G91&"|"&H91 -> PD|AccumulatedNewCapacity|RE1|PWRHYDDAM|2037 | B91: =O91&"|"&H91&"|"&K91&"|"&L91 -> Hydro (large)|2037|O&M|Direct | C91: =G91&"|"&O91 -> PWRHYDDAM|Hydro (large) | D91: PD | E91: simulation_328_results_filtered_PD.xlsx | F91: RE1 | G91: PWRHYDDAM | H91: 2037 | I91: AccumulatedNewCapacity | J91: EmploymentOMDirect | K91: O&M | L91: Direct | M91: =SUMIFS(RawResultsLong!$P:$P,RawResultsLong!$A:$A,A91) -> 37.84 | N91: =M91*1000/31.5576 -> 1199.0772 | O91: Hydro (large) | P91: =SUMIFS(TechnologyMapping!$D:$D,TechnologyMapping!$A:$A,C91) -> 1 | Q91: =N91*P91 -> 1199.0772 | R91: =SUMIFS(FactorInputs!$I:$I,FactorInputs!$A:$A,B91) -> 0.64077213 | S91: =_xlfn.XLOOKUP(B91,FactorInputs!$A$2:$A$888,FactorInputs!$F$2:$F$888,"") -> job/MW | T91: =_xlfn.XLOOKUP(B91,FactorInputs!$A$2:$A$888,FactorInputs!$B$2:$B$888,"") -> Rutovitz 2015 | U91: =_xlfn.XLOOKUP(B91,FactorInputs!$A$2:$A$888,FactorInputs!$T$2:$T$888,"") -> Rutovitz 2015 | V91: =Q91*R91 -> 768.33528
A92: =D92&"|"&I92&"|"&F92&"|"&G92&"|"&H92 -> PD|AccumulatedNewCapacity|RE1|PWRSOLRTP|2037 | B92: =O92&"|"&H92&"|"&K92&"|"&L92 -> Rooftop solar PV|2037|O&M|Direct | C92: =G92&"|"&O92 -> PWRSOLRTP|Rooftop solar PV | D92: PD | E92: simulation_328_results_filtered_PD.xlsx | F92: RE1 | G92: PWRSOLRTP | H92: 2037 | I92: AccumulatedNewCapacity | J92: EmploymentOMDirect | K92: O&M | L92: Direct | M92: =SUMIFS(RawResultsLong!$P:$P,RawResultsLong!$A:$A,A92) -> 97.032004 | N92: =M92*1000/31.5576 -> 3074.7587 | O92: Rooftop solar PV | P92: =SUMIFS(TechnologyMapping!$D:$D,TechnologyMapping!$A:$A,C92) -> 1 | Q92: =N92*P92 -> 3074.7587 | R92: =SUMIFS(FactorInputs!$I:$I,FactorInputs!$A:$A,B92) -> 0.24344118 | S92: =_xlfn.XLOOKUP(B92,FactorInputs!$A$2:$A$888,FactorInputs!$F$2:$F$888,"") -> job/MW | T92: =_xlfn.XLOOKUP(B92,FactorInputs!$A$2:$A$888,FactorInputs!$B$2:$B$888,"") -> JEDI-US | U92: =_xlfn.XLOOKUP(B92,FactorInputs!$A$2:$A$888,FactorInputs!$T$2:$T$888,"") -> JEDI-US | V92: =Q92*R92 -> 748.52286
A93: =D93&"|"&I93&"|"&F93&"|"&G93&"|"&H93 -> PD|AccumulatedNewCapacity|RE1|PWRSOLRTP_ZNI|2037 | B93: =O93&"|"&H93&"|"&K93&"|"&L93 -> Rooftop solar PV|2037|O&M|Direct | C93: =G93&"|"&O93 -> PWRSOLRTP_ZNI|Rooftop solar PV | D93: PD | E93: simulation_328_results_filtered_PD.xlsx | F93: RE1 | G93: PWRSOLRTP_ZNI | H93: 2037 | I93: AccumulatedNewCapacity | J93: EmploymentOMDirect | K93: O&M | L93: Direct | M93: =SUMIFS(RawResultsLong!$P:$P,RawResultsLong!$A:$A,A93) -> 0.84842469 | N93: =M93*1000/31.5576 -> 26.884956 | O93: Rooftop solar PV | P93: =SUMIFS(TechnologyMapping!$D:$D,TechnologyMapping!$A:$A,C93) -> 1 | Q93: =N93*P93 -> 26.884956 | R93: =SUMIFS(FactorInputs!$I:$I,FactorInputs!$A:$A,B93) -> 0.24344118 | S93: =_xlfn.XLOOKUP(B93,FactorInputs!$A$2:$A$888,FactorInputs!$F$2:$F$888,"") -> job/MW | T93: =_xlfn.XLOOKUP(B93,FactorInputs!$A$2:$A$888,FactorInputs!$B$2:$B$888,"") -> JEDI-US | U93: =_xlfn.XLOOKUP(B93,FactorInputs!$A$2:$A$888,FactorInputs!$T$2:$T$888,"") -> JEDI-US | V93: =Q93*R93 -> 6.5449053 | W93: Isolated-area rooftop solar mapped to the available rooftop solar factor.
A94: =D94&"|"&I94&"|"&F94&"|"&G94&"|"&H94 -> PD|AccumulatedNewCapacity|RE1|PWRSOLUGE|2037 | B94: =O94&"|"&H94&"|"&K94&"|"&L94 -> Utility-scale solar PV|2037|O&M|Direct | C94: =G94&"|"&O94 -> PWRSOLUGE|Utility-scale solar PV | D94: PD | E94: simulation_328_results_filtered_PD.xlsx | F94: RE1 | G94: PWRSOLUGE | H94: 2037 | I94: AccumulatedNewCapacity | J94: EmploymentOMDirect | K94: O&M | L94: Direct | M94: =SUMIFS(RawResultsLong!$P:$P,RawResultsLong!$A:$A,A94) -> 143.39419 | N94: =M94*1000/31.5576 -> 4543.8877 | O94: Utility-scale solar PV | P94: =SUMIFS(TechnologyMapping!$D:$D,TechnologyMapping!$A:$A,C94) -> 1 | Q94: =N94*P94 -> 4543.8877 | R94: =SUMIFS(FactorInputs!$I:$I,FactorInputs!$A:$A,B94) -> 0.078047635 | S94: =_xlfn.XLOOKUP(B94,FactorInputs!$A$2:$A$888,FactorInputs!$F$2:$F$888,"") -> job/MW | T94: =_xlfn.XLOOKUP(B94,FactorInputs!$A$2:$A$888,FactorInputs!$B$2:$B$888,"") -> I-JEDI | U94: =_xlfn.XLOOKUP(B94,FactorInputs!$A$2:$A$888,FactorInputs!$T$2:$T$888,"") -> I-JEDI | V94: =Q94*R94 -> 354.63969
A95: =D95&"|"&I95&"|"&F95&"|"&G95&"|"&H95 -> PD|AccumulatedNewCapacity|RE1|PWRSOLUPE|2037 | B95: =O95&"|"&H95&"|"&K95&"|"&L95 -> Utility-scale solar PV|2037|O&M|Direct | C95: =G95&"|"&O95 -> PWRSOLUPE|Utility-scale solar PV | D95: PD | E95: simulation_328_results_filtered_PD.xlsx | F95: RE1 | G95: PWRSOLUPE | H95: 2037 | I95: AccumulatedNewCapacity | J95: EmploymentOMDirect | K95: O&M | L95: Direct | M95: =SUMIFS(RawResultsLong!$P:$P,RawResultsLong!$A:$A,A95) -> 12.144198 | N95: =M95*1000/31.5576 -> 384.82642 | O95: Utility-scale solar PV | P95: =SUMIFS(TechnologyMapping!$D:$D,TechnologyMapping!$A:$A,C95) -> 1 | Q95: =N95*P95 -> 384.82642 | R95: =SUMIFS(FactorInputs!$I:$I,FactorInputs!$A:$A,B95) -> 0.078047635 | S95: =_xlfn.XLOOKUP(B95,FactorInputs!$A$2:$A$888,FactorInputs!$F$2:$F$888,"") -> job/MW | T95: =_xlfn.XLOOKUP(B95,FactorInputs!$A$2:$A$888,FactorInputs!$B$2:$B$888,"") -> I-JEDI | U95: =_xlfn.XLOOKUP(B95,FactorInputs!$A$2:$A$888,FactorInputs!$T$2:$T$888,"") -> I-JEDI | V95: =Q95*R95 -> 30.034792 | W95: Small-scale solar parks mapped to the available utility-scale solar PV factor.
A96: =D96&"|"&I96&"|"&F96&"|"&G96&"|"&H96 -> PD|AccumulatedNewCapacity|RE1|PWRWNDONS|2037 | B96: =O96&"|"&H96&"|"&K96&"|"&L96 -> Onshore wind|2037|O&M|Direct | C96: =G96&"|"&O96 -> PWRWNDONS|Onshore wind | D96: PD | E96: simulation_328_results_filtered_PD.xlsx | F96: RE1 | G96: PWRWNDONS | H96: 2037 | I96: AccumulatedNewCapacity | J96: EmploymentOMDirect | K96: O&M | L96: Direct | M96: =SUMIFS(RawResultsLong!$P:$P,RawResultsLong!$A:$A,A96) -> 127.44667 | N96: =M96*1000/31.5576 -> 4038.5413 | O96: Onshore wind | P96: =SUMIFS(TechnologyMapping!$D:$D,TechnologyMapping!$A:$A,C96) -> 1 | Q96: =N96*P96 -> 4038.5413 | R96: =SUMIFS(FactorInputs!$I:$I,FactorInputs!$A:$A,B96) -> 0.027930657 | S96: =_xlfn.XLOOKUP(B96,FactorInputs!$A$2:$A$888,FactorInputs!$F$2:$F$888,"") -> job/MW | T96: =_xlfn.XLOOKUP(B96,FactorInputs!$A$2:$A$888,FactorInputs!$B$2:$B$888,"") -> I-JEDI | U96: =_xlfn.XLOOKUP(B96,FactorInputs!$A$2:$A$888,FactorInputs!$T$2:$T$888,"") -> I-JEDI | V96: =Q96*R96 -> 112.79911
A97: =D97&"|"&I97&"|"&F97&"|"&G97&"|"&H97 -> PD|NewCapacity|RE1|PWRSOLRTP|2037 | B97: =O97&"|"&H97&"|"&K97&"|"&L97 -> Rooftop solar PV|2037|Construction&Manufacturing|Direct | C97: =G97&"|"&O97 -> PWRSOLRTP|Rooftop solar PV | D97: PD | E97: simulation_328_results_filtered_PD.xlsx | F97: RE1 | G97: PWRSOLRTP | H97: 2037 | I97: NewCapacity | J97: EmploymentConstructionManufacturingDirect | K97: Construction&Manufacturing | L97: Direct | M97: =SUMIFS(RawResultsLong!$P:$P,RawResultsLong!$A:$A,A97) -> 3.4876347 | N97: =M97*1000/31.5576 -> 110.51648 | O97: Rooftop solar PV | P97: =SUMIFS(TechnologyMapping!$D:$D,TechnologyMapping!$A:$A,C97) -> 1 | Q97: =N97*P97 -> 110.51648 | R97: =SUMIFS(FactorInputs!$I:$I,FactorInputs!$A:$A,B97) -> 5.6944394 | S97: =_xlfn.XLOOKUP(B97,FactorInputs!$A$2:$A$888,FactorInputs!$F$2:$F$888,"") -> job-yr/MW | T97: =_xlfn.XLOOKUP(B97,FactorInputs!$A$2:$A$888,FactorInputs!$B$2:$B$888,"") -> JEDI-US | U97: =_xlfn.XLOOKUP(B97,FactorInputs!$A$2:$A$888,FactorInputs!$T$2:$T$888,"") -> JEDI-US | V97: =Q97*R97 -> 629.32938
A98: =D98&"|"&I98&"|"&F98&"|"&G98&"|"&H98 -> PD|NewCapacity|RE1|PWRSOLRTP_ZNI|2037 | B98: =O98&"|"&H98&"|"&K98&"|"&L98 -> Rooftop solar PV|2037|Construction&Manufacturing|Direct | C98: =G98&"|"&O98 -> PWRSOLRTP_ZNI|Rooftop solar PV | D98: PD | E98: simulation_328_results_filtered_PD.xlsx | F98: RE1 | G98: PWRSOLRTP_ZNI | H98: 2037 | I98: NewCapacity | J98: EmploymentConstructionManufacturingDirect | K98: Construction&Manufacturing | L98: Direct | M98: =SUMIFS(RawResultsLong!$P:$P,RawResultsLong!$A:$A,A98) -> 0.038243521 | N98: =M98*1000/31.5576 -> 1.211864 | O98: Rooftop solar PV | P98: =SUMIFS(TechnologyMapping!$D:$D,TechnologyMapping!$A:$A,C98) -> 1 | Q98: =N98*P98 -> 1.211864 | R98: =SUMIFS(FactorInputs!$I:$I,FactorInputs!$A:$A,B98) -> 5.6944394 | S98: =_xlfn.XLOOKUP(B98,FactorInputs!$A$2:$A$888,FactorInputs!$F$2:$F$888,"") -> job-yr/MW | T98: =_xlfn.XLOOKUP(B98,FactorInputs!$A$2:$A$888,FactorInputs!$B$2:$B$888,"") -> JEDI-US | U98: =_xlfn.XLOOKUP(B98,FactorInputs!$A$2:$A$888,FactorInputs!$T$2:$T$888,"") -> JEDI-US | V98: =Q98*R98 -> 6.9008864 | W98: Isolated-area rooftop solar mapped to the available rooftop solar factor.
A99: =D99&"|"&I99&"|"&F99&"|"&G99&"|"&H99 -> PD|AccumulatedNewCapacity|RE1|PWRHYDDAM|2038 | B99: =O99&"|"&H99&"|"&K99&"|"&L99 -> Hydro (large)|2038|O&M|Direct | C99: =G99&"|"&O99 -> PWRHYDDAM|Hydro (large) | D99: PD | E99: simulation_328_results_filtered_PD.xlsx | F99: RE1 | G99: PWRHYDDAM | H99: 2038 | I99: AccumulatedNewCapacity | J99: EmploymentOMDirect | K99: O&M | L99: Direct | M99: =SUMIFS(RawResultsLong!$P:$P,RawResultsLong!$A:$A,A99) -> 37.84 | N99: =M99*1000/31.5576 -> 1199.0772 | O99: Hydro (large) | P99: =SUMIFS(TechnologyMapping!$D:$D,TechnologyMapping!$A:$A,C99) -> 1 | Q99: =N99*P99 -> 1199.0772 | R99: =SUMIFS(FactorInputs!$I:$I,FactorInputs!$A:$A,B99) -> 0.64059672 | S99: =_xlfn.XLOOKUP(B99,FactorInputs!$A$2:$A$888,FactorInputs!$F$2:$F$888,"") -> job/MW | T99: =_xlfn.XLOOKUP(B99,FactorInputs!$A$2:$A$888,FactorInputs!$B$2:$B$888,"") -> Rutovitz 2015 | U99: =_xlfn.XLOOKUP(B99,FactorInputs!$A$2:$A$888,FactorInputs!$T$2:$T$888,"") -> Rutovitz 2015 | V99: =Q99*R99 -> 768.12495
A100: =D100&"|"&I100&"|"&F100&"|"&G100&"|"&H100 -> PD|AccumulatedNewCapacity|RE1|PWRSOLRTP|2038 | B100: =O100&"|"&H100&"|"&K100&"|"&L100 -> Rooftop solar PV|2038|O&M|Direct | C100: =G100&"|"&O100 -> PWRSOLRTP|Rooftop solar PV | D100: PD | E100: simulation_328_results_filtered_PD.xlsx | F100: RE1 | G100: PWRSOLRTP | H100: 2038 | I100: AccumulatedNewCapacity | J100: EmploymentOMDirect | K100: O&M | L100: Direct | M100: =SUMIFS(RawResultsLong!$P:$P,RawResultsLong!$A:$A,A100) -> 99.885523 | N100: =M100*1000/31.5576 -> 3165.1812 | O100: Rooftop solar PV | P100: =SUMIFS(TechnologyMapping!$D:$D,TechnologyMapping!$A:$A,C100) -> 1 | Q100: =N100*P100 -> 3165.1812 | R100: =SUMIFS(FactorInputs!$I:$I,FactorInputs!$A:$A,B100) -> 0.24141176 | S100: =_xlfn.XLOOKUP(B100,FactorInputs!$A$2:$A$888,FactorInputs!$F$2:$F$888,"") -> job/MW | T100: =_xlfn.XLOOKUP(B100,FactorInputs!$A$2:$A$888,FactorInputs!$B$2:$B$888,"") -> JEDI-US | U100: =_xlfn.XLOOKUP(B100,FactorInputs!$A$2:$A$888,FactorInputs!$T$2:$T$888,"") -> JEDI-US | V100: =Q100*R100 -> 764.11199
...

Sheet TechnologyMapping
A1: mapping_lookup_key | B1: technology | C1: employment_technology | D1: component_multiplier | E1: mapping_note
A2: =B2&"|"&C2 -> PWRBGS|Biomass power | B2: PWRBGS | C2: Biomass power | D2: 1 | E2: Biogas technology mapped to the available biomass power factor.
A3: =B3&"|"&C3 -> PWRCOA|Coal power | B3: PWRCOA | C3: Coal power | D3: 1
A4: =B4&"|"&C4 -> PWRCSP|Solar thermal (CSP) | B4: PWRCSP | C4: Solar thermal (CSP) | D4: 1
A5: =B5&"|"&C5 -> PWRDSL|Oil and diesel | B5: PWRDSL | C5: Oil and diesel | D5: 1
A6: =B6&"|"&C6 -> PWRFOL|Oil and diesel | B6: PWRFOL | C6: Oil and diesel | D6: 1
A7: =B7&"|"&C7 -> PWRFOIL|Oil and diesel | B7: PWRFOIL | C7: Oil and diesel | D7: 1 | E7: Model CSV spelling for fuel-oil power.
A8: =B8&"|"&C8 -> PWROIL|Oil and diesel | B8: PWROIL | C8: Oil and diesel | D8: 1 | E8: Documentation spelling for liquid-fuel power.
A9: =B9&"|"&C9 -> PWRHYDDAM|Hydro (large) | B9: PWRHYDDAM | C9: Hydro (large) | D9: 1
A10: =B10&"|"&C10 -> PWRHYDROR|Hydro (small) | B10: PWRHYDROR | C10: Hydro (small) | D10: 1
A11: =B11&"|"&C11 -> PWRHYDROR_NDC|Hydro (small) | B11: PWRHYDROR_NDC | C11: Hydro (small) | D11: 1 | E11: Very small run-of-river mapped to the available small hydro factor.
A12: =B12&"|"&C12 -> PWRJET|Gas CCGT/OCGT | B12: PWRJET | C12: Gas CCGT/OCGT | D12: 1
A13: =B13&"|"&C13 -> PWRLPG|Gas CCGT/OCGT | B13: PWRLPG | C13: Gas CCGT/OCGT | D13: 1
A14: =B14&"|"&C14 -> PWRNGS_CC|Gas CCGT/OCGT | B14: PWRNGS_CC | C14: Gas CCGT/OCGT | D14: 1
A15: =B15&"|"&C15 -> PWRNGS_CS|Gas CCGT/OCGT | B15: PWRNGS_CS | C15: Gas CCGT/OCGT | D15: 1
A16: =B16&"|"&C16 -> PWRSOLRTP|Rooftop solar PV | B16: PWRSOLRTP | C16: Rooftop solar PV | D16: 1
A17: =B17&"|"&C17 -> PWRSOLRTP_ZNI|Rooftop solar PV | B17: PWRSOLRTP_ZNI | C17: Rooftop solar PV | D17: 1 | E17: Isolated-area rooftop solar mapped to the available rooftop solar factor.
A18: =B18&"|"&C18 -> PWRSOLUGE|Utility-scale solar PV | B18: PWRSOLUGE | C18: Utility-scale solar PV | D18: 1
A19: =B19&"|"&C19 -> PWRSOLUPE|Utility-scale solar PV | B19: PWRSOLUPE | C19: Utility-scale solar PV | D19: 1 | E19: Small-scale solar parks mapped to the available utility-scale solar PV factor.
A20: =B20&"|"&C20 -> PWRSTD|Oil and diesel | B20: PWRSTD | C20: Oil and diesel | D20: 1 | E20: Distributed diesel plants in isolated areas.
A21: =B21&"|"&C21 -> PWRWNDONS|Onshore wind | B21: PWRWNDONS | C21: Onshore wind | D21: 1
A22: =B22&"|"&C22 -> PWRWNDOFS_FIX|Offshore wind (fixed) | B22: PWRWNDOFS_FIX | C22: Offshore wind (fixed) | D22: 1
A23: =B23&"|"&C23 -> PWRWNDOFS_FLO|Offshore wind (floating) | B23: PWRWNDOFS_FLO | C23: Offshore wind (floating) | D23: 1
A24: =B24&"|"&C24 -> PWRSOLUGE_BAT|Utility-scale solar PV | B24: PWRSOLUGE_BAT | C24: Utility-scale solar PV | D24: 1 | E24: One MW of the hybrid technology is treated as one MW of utility-scale solar PV.
A25: =B25&"|"&C25 -> PWRSOLUGE_BAT|Battery storage (grid) | B25: PWRSOLUGE_BAT | C25: Battery storage (grid) | D25: 0.6 | E25: One MW of the hybrid technology is treated as 0.6 MW of grid battery storage.
A26: =B26&"|"&C26 -> PWRGEO|Geothermal | B26: PWRGEO | C26: Geothermal | D26: 1
A27: =B27&"|"&C27 -> PWRNUC|Nuclear | B27: PWRNUC | C27: Nuclear | D27: 1

Sheet Methodology_Notes
A1: Employment workbook methodology and row accounting
A3: Purpose | B3: This workbook concatenates OSeMOSYS results for scenarios PD, CN, and PA and applies direct employment factors for post-processing charts.
A4: Source sheets | B4: RawResultsLong contains the concatenated model outputs. FactorInputs contains direct employment factors used. TechnologyMapping contains model-to-factor technology mapping. EmploymentResults contains component-level formulas. EmploymentAggregated contains model-technology-level formulas for pivot charts.
A6: Capacity variables used
A7: NewCapacity | B7: Used for Construction&Manufacturing direct employment. Factor unit is FTE-year/MW.
A8: AccumulatedNewCapacity | B8: Used for O&M direct employment. Factor unit is FTE/MW and represents annual sustained jobs from cumulative new capacity.
A9: TotalCapacityAnnual | B9: Not used for employment calculations because it includes residual 2024 capacity. It remains in RawResultsLong for capacity review charts.
A11: Filters applied
A12: Years | B12: Employment calculations keep years >= 2025 only.
A13: Blank/zero rows | B13: Rows with blank or zero capacity values are not expanded into EmploymentResults.
A14: Employment type | B14: Only Job_Type = Direct is included. Indirect and induced factors are excluded for now.
A15: Technology matching | B15: Only mapped technologies with matching direct factors for the year and factor type are included. Diagnostics is empty when no mapping/factor gaps were found.
A17: Unit conversion
A18: Formula | B18: capacity_mw = value_pj_per_year * 1000 / 31.5576
A19: Basis | B19: 1 GW = 31.5576 PJ/year, so PJ/year is converted to MW before multiplying by employment factors.
A21: PWRSOLUGE_BAT treatment
A22: Utility-scale solar PV | B22: 1.0 MW of Utility-scale solar PV per 1 MW of PWRSOLUGE_BAT.
A23: Battery storage (grid) | B23: 0.6 MW of Battery storage (grid) per 1 MW of PWRSOLUGE_BAT.
A24: Aggregation | B24: EmploymentResults shows these two components separately. EmploymentAggregated sums them back to one PWRSOLUGE_BAT row per scenario, region, year, and employment variable.
A26: Row accounting
A27: RawResultsLong total rows | B27: 5,814 rows = 3 variables x 3 scenarios x 34 years x exported model rows.
A28: Rows per variable | B28: AccumulatedNewCapacity: 1,938; NewCapacity: 1,938; TotalCapacityAnnual: 1,938.
A29: TotalCapacityAnnual excluded from employment | B29: 1,938 rows excluded because this variable includes residual capacity and is not used for employment factors.
A30: Eligible model capacity rows | B30: 877 rows = 276 nonblank NewCapacity rows from 2025 onward + 601 nonblank AccumulatedNewCapacity rows from 2025 onward.
A31: EmploymentAggregated rows | B31: 877 rows, matching the eligible model capacity rows.
A32: EmploymentResults rows | B32: 887 rows. This is 10 rows higher because 10 eligible PWRSOLUGE_BAT rows are split into two component rows each.
A33: Diagnostics rows | B33: 0 rows in the generated workbook, meaning all eligible mapped technologies found matching direct employment factors.
A35: Formula audit | B35: EmploymentResults and EmploymentAggregated contain formulas referencing RawResultsLong, TechnologyMapping, and FactorInputs so reviewers can trace and recalculate values.

Sheet Diagnostics
A1: raw_lookup_key | B1: scenario | C1: source_file | D1: variable_name | E1: region | F1: technology | G1: fuel | H1: emission | I1: timeslice | J1: mode | K1: storage | L1: season | M1: daytype | N1: bracket | O1: year | P1: value_pj_per_year | Q1: factor_type | R1: employment_variable | S1: capacity_mw | T1: mapping_lookup_key | U1: employment_technology | V1: component_multiplier | W1: mapping_note | X1: _merge | Y1: issue | Z1: component_capacity_mw | AA1: factor_lookup_key | AB1: job_type | AC1: factor_unit | AD1: factor_source | AE1: factor_value | AF1: default_source
